Match Date,Home Team,Away Team,Home Score,Away Score,Home Odds,Away Odds
N/A,New Orleans Pelicans,Oklahoma City Thunder,89,97,+156,-189
N/A,Miami Heat,Boston Celtics,88,102,+374,-500
N/A,Phoenix Suns,Minnesota Timberwolves,116,122,-115,-103
N/A,Indiana Pacers,Milwaukee Bucks,126,113,-455,+338
N/A,Dallas Mavericks,Los Angeles Clippers,111,116,-286,+229
N/A,Philadelphia 76ers,New York Knicks,92,97,-204,+170
N/A,Los Angeles Lakers,Denver Nuggets,119,108,+131,-156
N/A,Miami Heat,Boston Celtics,84,104,+333,-435
N/A,New Orleans Pelicans,Oklahoma City Thunder,85,106,+104,-122
N/A,Orlando Magic,Cleveland Cavaliers,112,89,-135,+114
N/A,Phoenix Suns,Minnesota Timberwolves,109,126,-256,+206
N/A,Dallas Mavericks,Los Angeles Clippers,101,90,-192,+159
N/A,Indiana Pacers,Milwaukee Bucks,121,118,-263,+213
N/A,Los Angeles Lakers,Denver Nuggets,105,112,-120,+102
N/A,Philadelphia 76ers,New York Knicks,125,114,-238,+191
N/A,Orlando Magic,Cleveland Cavaliers,121,83,-147,+123
N/A,Oklahoma City Thunder,New Orleans Pelicans,124,92,-294,+231
N/A,Boston Celtics,Miami Heat,101,111,-1000,+642
N/A,Los Angeles Clippers,Dallas Mavericks,93,96,-118,+100
N/A,Milwaukee Bucks,Indiana Pacers,108,125,-115,-102
N/A,Minnesota Timberwolves,Phoenix Suns,105,93,-152,+127
N/A,Denver Nuggets,Los Angeles Lakers,101,99,-286,+227
N/A,New York Knicks,Philadelphia 76ers,104,101,-179,+150
N/A,Cleveland Cavaliers,Orlando Magic,96,86,-208,+170
N/A,Oklahoma City Thunder,New Orleans Pelicans,94,92,-400,+301
N/A,Milwaukee Bucks,Indiana Pacers,109,94,-101,-118
N/A,Los Angeles Clippers,Dallas Mavericks,109,97,+136,-164
N/A,Boston Celtics,Miami Heat,114,94,-1111,+659
N/A,Denver Nuggets,Los Angeles Lakers,114,103,-263,+211
N/A,New York Knicks,Philadelphia 76ers,111,104,-189,+156
N/A,Minnesota Timberwolves,Phoenix Suns,120,95,-133,+112
N/A,Cleveland Cavaliers,Orlando Magic,97,83,-222,+179
N/A,New Orleans Pelicans,Sacramento Kings,105,98,-122,+102
N/A,Miami Heat,Chicago Bulls,112,91,-135,+112
N/A,Chicago Bulls,Atlanta Hawks,131,116,-152,+125
N/A,Philadelphia 76ers,Miami Heat,105,104,-222,+179
N/A,Sacramento Kings,Golden State Warriors,118,94,+125,-152
N/A,New Orleans Pelicans,Los Angeles Lakers,106,110,-114,-104
N/A,Golden State Warriors,Utah Jazz,123,116,-556,+413
N/A,Los Angeles Clippers,Houston Rockets,105,116,+146,-172
N/A,Memphis Grizzlies,Denver Nuggets,111,126,+604,-909
N/A,Minnesota Timberwolves,Phoenix Suns,106,125,-135,+114
N/A,New Orleans Pelicans,Los Angeles Lakers,108,124,-119,+100
N/A,Oklahoma City Thunder,Dallas Mavericks,135,86,-2000,+1043
N/A,Sacramento Kings,Portland Trail Blazers,121,82,-2000,+974
N/A,San Antonio Spurs,Detroit Pistons,123,95,-200,+164
N/A,Cleveland Cavaliers,Charlotte Hornets,110,120,-1000,+624
N/A,Miami Heat,Toronto Raptors,118,103,-1667,+900
N/A,Orlando Magic,Milwaukee Bucks,113,88,-227,+184
N/A,Philadelphia 76ers,Brooklyn Nets,107,86,-769,+541
N/A,Boston Celtics,Washington Wizards,132,122,-455,+346
N/A,Indiana Pacers,Atlanta Hawks,157,115,-909,+619
N/A,New York Knicks,Chicago Bulls,120,119,-909,+588
N/A,Los Angeles Clippers,Utah Jazz,109,110,-1429,+814
N/A,Sacramento Kings,Phoenix Suns,107,108,+156,-189
N/A,Golden State Warriors,New Orleans Pelicans,109,114,-182,+152
N/A,Portland Trail Blazers,Houston Rockets,107,116,+188,-233
N/A,Dallas Mavericks,Detroit Pistons,89,107,-625,+446
N/A,Memphis Grizzlies,Los Angeles Lakers,120,123,+817,-1429
N/A,Miami Heat,Toronto Raptors,125,103,-1000,+629
N/A,Minnesota Timberwolves,Atlanta Hawks,109,106,-714,+501
N/A,Oklahoma City Thunder,Milwaukee Bucks,125,107,-909,+606
N/A,San Antonio Spurs,Denver Nuggets,121,120,+444,-625
N/A,Boston Celtics,Charlotte Hornets,131,98,-294,+238
N/A,Cleveland Cavaliers,Indiana Pacers,129,120,-147,+123
N/A,New York Knicks,Brooklyn Nets,111,107,-667,+470
N/A,Philadelphia 76ers,Orlando Magic,125,113,-244,+199
N/A,Washington Wizards,Chicago Bulls,127,129,-127,+106
N/A,Portland Trail Blazers,Golden State Warriors,92,100,+570,-833
N/A,Sacramento Kings,New Orleans Pelicans,123,135,-122,+102
N/A,Utah Jazz,Houston Rockets,124,121,+405,-556
N/A,Boston Celtics,New York Knicks,109,118,-149,+125
N/A,Detroit Pistons,Chicago Bulls,105,127,+421,-588
N/A,Los Angeles Clippers,Phoenix Suns,108,124,+395,-526
N/A,Denver Nuggets,Minnesota Timberwolves,116,107,-294,+234
N/A,Milwaukee Bucks,Orlando Magic,117,99,+104,-123
N/A,Oklahoma City Thunder,San Antonio Spurs,127,89,-1667,+931
N/A,Atlanta Hawks,Charlotte Hornets,114,115,-385,+301
N/A,Brooklyn Nets,Toronto Raptors,106,102,-667,+463
N/A,Miami Heat,Dallas Mavericks,92,111,+120,-143
N/A,Cleveland Cavaliers,Memphis Grizzlies,110,98,-2000,+1077
N/A,Los Angeles Lakers,Golden State Warriors,120,134,+112,-132
N/A,Phoenix Suns,Los Angeles Clippers,92,105,-385,+300
N/A,Portland Trail Blazers,New Orleans Pelicans,100,110,+638,-1000
N/A,Utah Jazz,Denver Nuggets,95,111,+911,-1667
N/A,Chicago Bulls,New York Knicks,117,128,+162,-196
N/A,Houston Rockets,Orlando Magic,118,106,+120,-143
N/A,Memphis Grizzlies,San Antonio Spurs,87,102,+181,-222
N/A,Minnesota Timberwolves,Washington Wizards,130,121,-2000,+1028
N/A,Oklahoma City Thunder,Sacramento Kings,112,105,-204,+169
N/A,Atlanta Hawks,Miami Heat,111,117,+135,-161
N/A,Milwaukee Bucks,Boston Celtics,104,91,-167,+139
N/A,Charlotte Hornets,Dallas Mavericks,104,130,+531,-769
N/A,Philadelphia 76ers,Detroit Pistons,120,102,-1250,+743
N/A,Toronto Raptors,Indiana Pacers,123,140,+622,-909
N/A,Los Angeles Lakers,Minnesota Timberwolves,117,127,+110,-130
N/A,Golden State Warriors,Utah Jazz,118,110,-769,+544
N/A,Brooklyn Nets,Sacramento Kings,77,107,+386,-526
N/A,Milwaukee Bucks,New York Knicks,109,122,-182,+154
N/A,San Antonio Spurs,Philadelphia 76ers,126,133,+142,-169
N/A,Boston Celtics,Portland Trail Blazers,124,107,-1667,+890
N/A,Charlotte Hornets,Oklahoma City Thunder,118,121,+244,-303
N/A,Orlando Magic,Chicago Bulls,113,98,-278,+225
N/A,Phoenix Suns,New Orleans Pelicans,105,113,-217,+179
N/A,Toronto Raptors,Washington Wizards,130,122,-196,+165
N/A,Indiana Pacers,Miami Heat,117,115,-145,+122
N/A,Dallas Mavericks,Houston Rockets,147,136,-400,+307
N/A,Los Angeles Clippers,Cleveland Cavaliers,120,118,-179,+147
N/A,Denver Nuggets,Atlanta Hawks,142,110,-667,+470
N/A,Memphis Grizzlies,Philadelphia 76ers,96,116,+722,-1250
N/A,Brooklyn Nets,Detroit Pistons,113,103,-476,+355
N/A,Los Angeles Lakers,Cleveland Cavaliers,116,97,-204,+168
N/A,Los Angeles Clippers,Utah Jazz,131,102,-833,+562
N/A,Phoenix Suns,Minnesota Timberwolves,97,87,-189,+156
N/A,Dallas Mavericks,Golden State Warriors,108,106,-112,-104
N/A,Chicago Bulls,New York Knicks,108,100,+102,-122
N/A,Houston Rockets,Miami Heat,104,119,+133,-159
N/A,Memphis Grizzlies,Detroit Pistons,108,90,-106,-111
N/A,Milwaukee Bucks,Toronto Raptors,111,117,-1111,+683
N/A,New Orleans Pelicans,San Antonio Spurs,109,111,-667,+470
N/A,Boston Celtics,Sacramento Kings,101,100,-400,+313
N/A,Charlotte Hornets,Orlando Magic,124,115,+503,-714
N/A,Indiana Pacers,Oklahoma City Thunder,126,112,-244,+197
N/A,Washington Wizards,Portland Trail Blazers,102,108,-143,+120
N/A,Los Angeles Clippers,Denver Nuggets,102,100,+127,-152
N/A,Houston Rockets,Golden State Warriors,110,133,+129,-156
N/A,Dallas Mavericks,Atlanta Hawks,109,95,-667,+473
N/A,Miami Heat,Philadelphia 76ers,105,109,-147,+125
N/A,New York Knicks,Sacramento Kings,120,109,-164,+139
N/A,Phoenix Suns,Cleveland Cavaliers,122,101,-238,+195
N/A,Milwaukee Bucks,Memphis Grizzlies,101,111,-833,+560
N/A,Minnesota Timberwolves,Toronto Raptors,133,85,-2000,+1062
N/A,New Orleans Pelicans,Orlando Magic,108,117,-196,+161
N/A,Atlanta Hawks,Detroit Pistons,121,113,-667,+465
N/A,Boston Celtics,Oklahoma City Thunder,135,100,-714,+494
N/A,Brooklyn Nets,Indiana Pacers,115,111,+213,-263
N/A,Charlotte Hornets,Portland Trail Blazers,86,89,-123,+104
N/A,Washington Wizards,Los Angeles Lakers,120,125,+554,-833
N/A,Golden State Warriors,Dallas Mavericks,104,100,-109,-109
N/A,Sacramento Kings,Los Angeles Clippers,109,95,-143,+119
N/A,Denver Nuggets,San Antonio Spurs,110,105,-1429,+836
N/A,Utah Jazz,Cleveland Cavaliers,113,129,+349,-455
N/A,Minnesota Timberwolves,Houston Rockets,113,106,-303,+244
N/A,Miami Heat,New York Knicks,109,99,-139,+117
N/A,Philadelphia 76ers,Oklahoma City Thunder,109,105,-145,+123
N/A,Toronto Raptors,Los Angeles Lakers,111,128,+612,-909
N/A,Washington Wizards,Milwaukee Bucks,117,113,+571,-833
N/A,Chicago Bulls,Atlanta Hawks,101,113,-130,+108
N/A,New Orleans Pelicans,Phoenix Suns,111,124,-120,+102
N/A,Charlotte Hornets,Boston Celtics,104,118,+1070,-2000
N/A,Detroit Pistons,Memphis Grizzlies,108,110,-135,+114
N/A,Indiana Pacers,Brooklyn Nets,133,111,-714,+508
N/A,Orlando Magic,Portland Trail Blazers,104,103,-2000,+994
N/A,Sacramento Kings,Utah Jazz,127,106,-909,+577
N/A,Houston Rockets,Dallas Mavericks,107,125,+133,-159
N/A,Minnesota Timberwolves,Chicago Bulls,101,109,-385,+296
N/A,New York Knicks,Oklahoma City Thunder,112,113,+100,-119
N/A,San Antonio Spurs,Golden State Warriors,113,117,+380,-500
N/A,Brooklyn Nets,Los Angeles Lakers,104,116,+212,-263
N/A,Charlotte Hornets,Los Angeles Clippers,118,130,+706,-1111
N/A,Toronto Raptors,Philadelphia 76ers,120,135,+318,-417
N/A,Washington Wizards,Miami Heat,107,119,+470,-667
N/A,Denver Nuggets,Cleveland Cavaliers,130,101,-185,+154
N/A,Atlanta Hawks,Milwaukee Bucks,113,122,+163,-196
N/A,Orlando Magic,Memphis Grizzlies,118,88,-833,+559
N/A,New Orleans Pelicans,Boston Celtics,92,104,+190,-233
N/A,Sacramento Kings,Dallas Mavericks,103,107,-102,-116
N/A,Utah Jazz,Houston Rockets,100,101,+262,-333
N/A,Denver Nuggets,Minnesota Timberwolves,98,111,-147,+125
N/A,Miami Heat,Portland Trail Blazers,142,82,-1000,+670
N/A,Oklahoma City Thunder,Phoenix Suns,128,103,+106,-127
N/A,San Antonio Spurs,New York Knicks,130,126,+273,-345
N/A,Brooklyn Nets,Chicago Bulls,125,108,+125,-149
N/A,Cleveland Cavaliers,Philadelphia 76ers,117,114,-270,+219
N/A,Charlotte Hornets,Golden State Warriors,97,115,+571,-833
N/A,Indiana Pacers,Los Angeles Lakers,109,90,-156,+129
N/A,Orlando Magic,Los Angeles Clippers,97,100,+104,-123
N/A,Washington Wizards,Detroit Pistons,87,96,-154,+129
N/A,New Orleans Pelicans,Milwaukee Bucks,107,100,+112,-133
N/A,Atlanta Hawks,Boston Celtics,123,122,+719,-1250
N/A,Denver Nuggets,Phoenix Suns,97,104,-222,+181
N/A,Utah Jazz,San Antonio Spurs,111,118,-172,+142
N/A,Chicago Bulls,Indiana Pacers,125,99,+125,-149
N/A,Memphis Grizzlies,Los Angeles Lakers,124,136,+147,-175
N/A,Minnesota Timberwolves,Detroit Pistons,106,91,-1667,+948
N/A,Oklahoma City Thunder,Houston Rockets,126,132,-196,+161
N/A,Atlanta Hawks,Portland Trail Blazers,120,106,-667,+465
N/A,Philadelphia 76ers,Los Angeles Clippers,107,108,+206,-256
N/A,Toronto Raptors,New York Knicks,101,145,+636,-1000
N/A,Charlotte Hornets,Cleveland Cavaliers,118,111,+347,-455
N/A,Orlando Magic,Golden State Warriors,93,101,-172,+142
N/A,Washington Wizards,Brooklyn Nets,119,122,+140,-169
N/A,Sacramento Kings,Dallas Mavericks,96,132,-112,-105
N/A,New Orleans Pelicans,Oklahoma City Thunder,112,119,-101,-116
N/A,Miami Heat,Golden State Warriors,92,113,+165,-204
N/A,Milwaukee Bucks,Los Angeles Lakers,124,128,-417,+320
N/A,Los Angeles Clippers,Indiana Pacers,116,133,-244,+200
N/A,Sacramento Kings,Philadelphia 76ers,108,96,-294,+235
N/A,Denver Nuggets,Memphis Grizzlies,128,103,-833,+570
N/A,Utah Jazz,Dallas Mavericks,105,115,+259,-323
N/A,Chicago Bulls,Washington Wizards,105,107,-714,+512
N/A,Houston Rockets,Portland Trail Blazers,110,92,-1000,+659
N/A,San Antonio Spurs,Phoenix Suns,104,102,+488,-714
N/A,Atlanta Hawks,Boston Celtics,120,118,+384,-526
N/A,New York Knicks,Detroit Pistons,124,99,-1667,+963
N/A,Toronto Raptors,Brooklyn Nets,88,96,+195,-238
N/A,Cleveland Cavaliers,Charlotte Hornets,115,92,-588,+432
N/A,Los Angeles Lakers,Indiana Pacers,150,145,-135,+114
N/A,Milwaukee Bucks,Oklahoma City Thunder,118,93,-141,+117
N/A,Minnesota Timberwolves,Golden State Warriors,114,110,-132,+110
N/A,Miami Heat,Cleveland Cavaliers,121,84,-159,+134
N/A,Los Angeles Clippers,Philadelphia 76ers,107,121,-400,+301
N/A,Detroit Pistons,New Orleans Pelicans,101,114,+687,-1000
N/A,Portland Trail Blazers,Denver Nuggets,111,114,+387,-526
N/A,Chicago Bulls,Boston Celtics,113,124,+168,-204
N/A,Houston Rockets,Utah Jazz,147,119,-526,+387
N/A,San Antonio Spurs,Phoenix Suns,106,131,+346,-455
N/A,Washington Wizards,Toronto Raptors,112,109,-233,+188
N/A,Atlanta Hawks,Charlotte Hornets,132,91,-294,+236
N/A,Orlando Magic,Sacramento Kings,107,109,-143,+119
N/A,New York Knicks,Brooklyn Nets,105,93,-294,+237
N/A,Los Angeles Lakers,Philadelphia 76ers,101,94,-312,+250
N/A,Golden State Warriors,Indiana Pacers,111,123,-189,+158
N/A,Portland Trail Blazers,Los Angeles Clippers,117,125,+727,-1250
N/A,Miami Heat,New Orleans Pelicans,88,111,-143,+120
N/A,Minnesota Timberwolves,Cleveland Cavaliers,104,91,-294,+235
N/A,San Antonio Spurs,Memphis Grizzlies,97,99,-250,+204
N/A,Detroit Pistons,Boston Celtics,102,129,+597,-909
N/A,Toronto Raptors,Oklahoma City Thunder,103,123,+855,-1429
N/A,Phoenix Suns,Atlanta Hawks,128,115,-400,+318
N/A,Denver Nuggets,New York Knicks,113,100,-385,+298
N/A,Dallas Mavericks,Utah Jazz,113,97,-1111,+672
N/A,Houston Rockets,Chicago Bulls,127,117,-152,+127
N/A,Milwaukee Bucks,Brooklyn Nets,115,108,-500,+368
N/A,Orlando Magic,New Orleans Pelicans,121,106,+116,-137
N/A,Washington Wizards,Sacramento Kings,109,102,+426,-588
N/A,Golden State Warriors,Memphis Grizzlies,137,116,-625,+449
N/A,Phoenix Suns,Philadelphia 76ers,115,102,-417,+315
N/A,Portland Trail Blazers,Los Angeles Clippers,103,116,+491,-714
N/A,Oklahoma City Thunder,Utah Jazz,119,107,-1250,+778
N/A,Boston Celtics,Milwaukee Bucks,122,119,-526,+390
N/A,Toronto Raptors,Sacramento Kings,89,123,+428,-588
N/A,Cleveland Cavaliers,Miami Heat,104,107,-141,+118
N/A,Detroit Pistons,Indiana Pacers,103,122,+425,-588
N/A,Minnesota Timberwolves,Denver Nuggets,112,115,+241,-294
N/A,San Antonio Spurs,Dallas Mavericks,107,113,+300,-385
N/A,Brooklyn Nets,New Orleans Pelicans,91,104,+217,-270
N/A,Orlando Magic,Charlotte Hornets,112,92,-833,+568
N/A,Washington Wizards,Houston Rockets,114,137,+386,-526
N/A,Los Angeles Lakers,Atlanta Hawks,136,105,-435,+334
N/A,Golden State Warriors,New York Knicks,112,119,-244,+198
N/A,Sacramento Kings,Memphis Grizzlies,121,111,-625,+437
N/A,Utah Jazz,Minnesota Timberwolves,104,114,+149,-179
N/A,Chicago Bulls,Portland Trail Blazers,110,107,-345,+269
N/A,Boston Celtics,Detroit Pistons,119,94,-1429,+835
N/A,Philadelphia 76ers,Miami Heat,98,91,-147,+123
N/A,Indiana Pacers,Cleveland Cavaliers,103,108,-250,+204
N/A,Los Angeles Clippers,Atlanta Hawks,93,110,-455,+348
N/A,San Antonio Spurs,Brooklyn Nets,122,115,-127,+108
N/A,Orlando Magic,Toronto Raptors,111,96,-625,+453
N/A,Washington Wizards,Boston Celtics,104,130,+759,-1250
N/A,Dallas Mavericks,Denver Nuggets,107,105,-101,-118
N/A,Detroit Pistons,Miami Heat,101,104,+181,-227
N/A,Milwaukee Bucks,Phoenix Suns,140,129,+110,-130
N/A,Sacramento Kings,New York Knicks,91,98,-149,+127
N/A,Utah Jazz,Minnesota Timberwolves,100,119,+238,-294
N/A,Los Angeles Lakers,Golden State Warriors,121,128,-122,+104
N/A,Chicago Bulls,Washington Wizards,127,98,-417,+315
N/A,Memphis Grizzlies,Oklahoma City Thunder,112,118,+386,-500
N/A,Indiana Pacers,Brooklyn Nets,121,100,-323,+259
N/A,New Orleans Pelicans,Portland Trail Blazers,126,107,-833,+570
N/A,Philadelphia 76ers,Charlotte Hornets,109,98,-476,+358
N/A,Houston Rockets,Cleveland Cavaliers,117,103,+161,-196
N/A,Utah Jazz,Atlanta Hawks,124,122,+100,-119
N/A,San Antonio Spurs,Denver Nuggets,106,117,+370,-500
N/A,New Orleans Pelicans,Los Angeles Clippers,112,104,-256,+209
N/A,Toronto Raptors,Orlando Magic,103,113,+252,-323
N/A,Charlotte Hornets,Phoenix Suns,96,107,+394,-526
N/A,Detroit Pistons,Miami Heat,95,108,+259,-323
N/A,Oklahoma City Thunder,Dallas Mavericks,126,119,-455,+347
N/A,Portland Trail Blazers,New York Knicks,93,105,+517,-769
N/A,Chicago Bulls,Los Angeles Clippers,111,126,+196,-244
N/A,Houston Rockets,Washington Wizards,135,119,-370,+283
N/A,Milwaukee Bucks,Philadelphia 76ers,114,105,-294,+236
N/A,Boston Celtics,Phoenix Suns,127,112,-227,+185
N/A,Portland Trail Blazers,Atlanta Hawks,106,102,+150,-185
N/A,Sacramento Kings,Los Angeles Lakers,120,107,+114,-135
N/A,Dallas Mavericks,Golden State Warriors,109,99,-357,+279
N/A,Memphis Grizzlies,Charlotte Hornets,98,110,+114,-135
N/A,New Orleans Pelicans,Cleveland Cavaliers,95,116,-222,+181
N/A,Indiana Pacers,Chicago Bulls,129,132,-204,+170
N/A,Miami Heat,Denver Nuggets,88,100,+133,-159
N/A,Detroit Pistons,Toronto Raptors,113,104,-156,+131
N/A,Orlando Magic,Brooklyn Nets,114,106,-238,+194
N/A,Los Angeles Clippers,Minnesota Timberwolves,100,118,-227,+186
N/A,Sacramento Kings,Milwaukee Bucks,129,94,-119,+100
N/A,Utah Jazz,Boston Celtics,107,123,+209,-256
N/A,San Antonio Spurs,Houston Rockets,101,103,+125,-149
N/A,Memphis Grizzlies,Washington Wizards,109,97,+110,-130
N/A,Oklahoma City Thunder,Indiana Pacers,111,121,-217,+177
N/A,New York Knicks,Philadelphia 76ers,106,79,-227,+185
N/A,Portland Trail Blazers,Boston Celtics,99,121,+447,-625
N/A,Denver Nuggets,Toronto Raptors,125,119,-1667,+939
N/A,Chicago Bulls,Dallas Mavericks,92,127,+137,-164
N/A,San Antonio Spurs,Golden State Warriors,102,112,+166,-200
N/A,Cleveland Cavaliers,Phoenix Suns,111,117,+215,-270
N/A,Detroit Pistons,Charlotte Hornets,114,97,-196,+162
N/A,Los Angeles Lakers,Minnesota Timberwolves,120,109,-208,+172
N/A,Cleveland Cavaliers,Brooklyn Nets,101,120,-263,+215
N/A,New York Knicks,Philadelphia 76ers,73,79,-278,+223
N/A,Oklahoma City Thunder,Memphis Grizzlies,124,93,-1250,+738
N/A,Atlanta Hawks,New Orleans Pelicans,103,116,+202,-250
N/A,Miami Heat,Washington Wizards,108,110,-625,+459
N/A,Orlando Magic,Indiana Pacers,97,111,-105,-110
N/A,Sacramento Kings,Houston Rockets,104,112,-270,+216
N/A,Los Angeles Clippers,Milwaukee Bucks,117,124,+208,-250
N/A,Portland Trail Blazers,Toronto Raptors,128,118,+119,-141
N/A,Denver Nuggets,Utah Jazz,142,121,-714,+512
N/A,Golden State Warriors,San Antonio Spurs,113,126,-714,+515
N/A,Phoenix Suns,Boston Celtics,107,117,+175,-217
N/A,Charlotte Hornets,Brooklyn Nets,110,99,+194,-238
N/A,Detroit Pistons,Dallas Mavericks,124,142,+293,-385
N/A,Los Angeles Clippers,Chicago Bulls,112,102,-323,+258
N/A,Los Angeles Lakers,Milwaukee Bucks,123,122,+154,-189
N/A,Portland Trail Blazers,Houston Rockets,107,123,+213,-263
N/A,Memphis Grizzlies,Atlanta Hawks,92,99,+131,-154
N/A,Oklahoma City Thunder,Miami Heat,107,100,-385,+291
N/A,Cleveland Cavaliers,Minnesota Timberwolves,113,104,-119,+100
N/A,New York Knicks,Orlando Magic,98,74,-135,+114
N/A,Philadelphia 76ers,New Orleans Pelicans,95,103,+254,-323
N/A,Washington Wizards,Charlotte Hornets,112,100,-141,+119
N/A,Denver Nuggets,Boston Celtics,115,109,+108,-127
N/A,Golden State Warriors,Chicago Bulls,122,125,-370,+290
N/A,Sacramento Kings,San Antonio Spurs,131,129,-714,+492
N/A,Phoenix Suns,Toronto Raptors,120,113,-556,+401
N/A,Dallas Mavericks,Miami Heat,114,108,-192,+160
N/A,Detroit Pistons,Brooklyn Nets,118,112,+114,-135
N/A,Indiana Pacers,Minnesota Timberwolves,111,113,-116,-101
N/A,Los Angeles Lakers,Sacramento Kings,120,130,-147,+125
N/A,Golden State Warriors,Milwaukee Bucks,125,90,-143,+121
N/A,Portland Trail Blazers,Oklahoma City Thunder,120,128,+578,-833
N/A,Utah Jazz,Chicago Bulls,117,119,+143,-169
N/A,Atlanta Hawks,Cleveland Cavaliers,112,101,-145,+124
N/A,Houston Rockets,Los Angeles Clippers,116,122,+204,-263
N/A,Philadelphia 76ers,Memphis Grizzlies,109,115,-172,+145
N/A,Washington Wizards,Orlando Magic,109,119,+213,-263
N/A,Denver Nuggets,Phoenix Suns,107,117,-385,+301
N/A,Dallas Mavericks,Indiana Pacers,120,137,-222,+179
N/A,Houston Rockets,San Antonio Spurs,114,101,-278,+223
N/A,Cleveland Cavaliers,Boston Celtics,105,104,+301,-385
N/A,Brooklyn Nets,Philadelphia 76ers,112,107,-105,-111
N/A,Miami Heat,Detroit Pistons,118,110,-625,+440
N/A,New York Knicks,Atlanta Hawks,100,116,-122,+102
N/A,Toronto Raptors,New Orleans Pelicans,98,139,+343,-455
N/A,Charlotte Hornets,Orlando Magic,89,101,+282,-357
N/A,Los Angeles Lakers,Oklahoma City Thunder,116,104,-104,-112
N/A,Sacramento Kings,Chicago Bulls,109,113,-250,+199
N/A,Utah Jazz,Washington Wizards,127,115,-213,+169
N/A,Milwaukee Bucks,Los Angeles Clippers,113,106,+114,-128
N/A,Minnesota Timberwolves,Portland Trail Blazers,119,114,-1429,+836
N/A,Brooklyn Nets,Memphis Grizzlies,102,106,-455,+336
N/A,Phoenix Suns,Oklahoma City Thunder,110,118,+154,-185
N/A,Cleveland Cavaliers,New York Knicks,98,107,-182,+152
N/A,San Antonio Spurs,Indiana Pacers,117,105,+209,-263
N/A,Orlando Magic,Detroit Pistons,113,91,-588,+421
N/A,Toronto Raptors,Charlotte Hornets,111,106,-303,+237
N/A,Boston Celtics,Golden State Warriors,140,88,-345,+267
N/A,Minnesota Timberwolves,Los Angeles Clippers,88,89,-141,+119
N/A,Dallas Mavericks,Philadelphia 76ers,116,120,-323,+252
N/A,Phoenix Suns,Houston Rockets,109,118,-417,+313
N/A,Los Angeles Lakers,Denver Nuggets,114,124,-103,-115
N/A,Memphis Grizzlies,Portland Trail Blazers,100,107,-135,+114
N/A,Miami Heat,Utah Jazz,126,120,-417,+309
N/A,Brooklyn Nets,Atlanta Hawks,114,102,-106,-111
N/A,Los Angeles Clippers,Washington Wizards,140,115,-1250,+760
N/A,Chicago Bulls,Milwaukee Bucks,97,113,+138,-164
N/A,Memphis Grizzlies,Portland Trail Blazers,92,122,-115,-105
N/A,Minnesota Timberwolves,Sacramento Kings,120,124,-345,+263
N/A,New Orleans Pelicans,Indiana Pacers,129,102,-204,+167
N/A,Boston Celtics,Dallas Mavericks,138,110,-385,+297
N/A,Toronto Raptors,Golden State Warriors,105,120,+121,-145
N/A,Detroit Pistons,Cleveland Cavaliers,100,110,+220,-278
N/A,Philadelphia 76ers,Charlotte Hornets,121,114,-714,+472
N/A,Los Angeles Lakers,Washington Wizards,134,131,-556,+393
N/A,Denver Nuggets,Miami Heat,103,97,-270,+214
N/A,Phoenix Suns,Houston Rockets,110,105,-400,+294
N/A,San Antonio Spurs,Oklahoma City Thunder,132,118,+400,-556
N/A,Brooklyn Nets,Atlanta Hawks,124,97,-116,-102
N/A,New York Knicks,Golden State Warriors,99,110,+133,-159
N/A,Charlotte Hornets,Milwaukee Bucks,99,111,+445,-625
N/A,Orlando Magic,Utah Jazz,115,107,-263,+213
N/A,Los Angeles Clippers,Los Angeles Lakers,112,116,-120,+102
N/A,Denver Nuggets,Sacramento Kings,117,96,-417,+313
N/A,Chicago Bulls,Cleveland Cavaliers,132,123,+175,-217
N/A,Minnesota Timberwolves,Memphis Grizzlies,110,101,-1000,+615
N/A,Indiana Pacers,New Orleans Pelicans,123,114,-172,+144
N/A,Toronto Raptors,Dallas Mavericks,125,136,+138,-164
N/A,Oklahoma City Thunder,Houston Rockets,112,95,-476,+348
N/A,Portland Trail Blazers,Miami Heat,96,106,+229,-286
N/A,Milwaukee Bucks,Charlotte Hornets,123,85,-1111,+660
N/A,Chicago Bulls,Detroit Pistons,95,105,-500,+370
N/A,Minnesota Timberwolves,San Antonio Spurs,114,105,-909,+580
N/A,Atlanta Hawks,Utah Jazz,124,97,-128,+108
N/A,Boston Celtics,Philadelphia 76ers,117,99,-625,+441
N/A,New York Knicks,New Orleans Pelicans,92,115,+202,-250
N/A,Cleveland Cavaliers,Dallas Mavericks,121,119,-172,+144
N/A,Orlando Magic,Brooklyn Nets,108,81,-256,+204
N/A,Washington Wizards,Golden State Warriors,112,123,+398,-556
N/A,Sacramento Kings,Miami Heat,110,121,-278,+225
N/A,Memphis Grizzlies,Brooklyn Nets,86,111,+119,-143
N/A,New York Knicks,Detroit Pistons,113,111,-625,+445
N/A,Indiana Pacers,Toronto Raptors,122,130,-227,+181
N/A,Los Angeles Clippers,Sacramento Kings,107,123,-175,+145
N/A,Portland Trail Blazers,Charlotte Hornets,80,93,-164,+137
N/A,Utah Jazz,San Antonio Spurs,128,109,-270,+216
N/A,Atlanta Hawks,Orlando Magic,109,92,-128,+108
N/A,Golden State Warriors,Denver Nuggets,103,119,-133,+110
N/A,Houston Rockets,Oklahoma City Thunder,110,123,+199,-250
N/A,New Orleans Pelicans,Chicago Bulls,106,114,-204,+165
N/A,Washington Wizards,Cleveland Cavaliers,105,114,+633,-1000
N/A,Indiana Pacers,Dallas Mavericks,133,111,+110,-133
N/A,Phoenix Suns,Los Angeles Lakers,123,113,-159,+133
N/A,Philadelphia 76ers,Milwaukee Bucks,98,119,+164,-196
N/A,Minnesota Timberwolves,Brooklyn Nets,101,86,-333,+263
N/A,New York Knicks,Boston Celtics,102,116,+194,-238
N/A,Detroit Pistons,Orlando Magic,109,112,+262,-345
N/A,Los Angeles Lakers,San Antonio Spurs,123,118,-556,+397
N/A,Golden State Warriors,Charlotte Hornets,97,84,-714,+497
N/A,Minnesota Timberwolves,Milwaukee Bucks,107,112,-175,+148
N/A,Portland Trail Blazers,Denver Nuggets,112,127,+279,-370
N/A,Houston Rockets,Phoenix Suns,114,110,+121,-145
N/A,Memphis Grizzlies,Los Angeles Clippers,95,101,+312,-417
N/A,New Orleans Pelicans,Miami Heat,95,106,-132,+112
N/A,Oklahoma City Thunder,Washington Wizards,147,106,-1667,+877
N/A,Atlanta Hawks,Toronto Raptors,121,123,-303,+238
N/A,Philadelphia 76ers,Cleveland Cavaliers,104,97,+108,-130
N/A,Golden State Warriors,Los Angeles Lakers,128,110,-227,+181
N/A,Sacramento Kings,San Antonio Spurs,127,122,-588,+405
N/A,Denver Nuggets,Washington Wizards,130,110,-1429,+776
N/A,Utah Jazz,Charlotte Hornets,107,115,-455,+337
N/A,Chicago Bulls,Boston Celtics,112,129,+276,-357
N/A,New Orleans Pelicans,Houston Rockets,127,105,-270,+210
N/A,Oklahoma City Thunder,Los Angeles Clippers,129,107,-122,+100
N/A,Dallas Mavericks,Phoenix Suns,123,113,-137,+114
N/A,Cleveland Cavaliers,Orlando Magic,109,116,-227,+185
N/A,Indiana Pacers,Detroit Pistons,129,115,-769,+498
N/A,Philadelphia 76ers,New York Knicks,96,110,-120,+100
N/A,Toronto Raptors,Brooklyn Nets,121,93,-119,-101
N/A,East,West,211,186,+114,-141
N/A,Portland Trail Blazers,Minnesota Timberwolves,91,128,+351,-476
N/A,Utah Jazz,Golden State Warriors,137,140,+114,-135
N/A,Memphis Grizzlies,Milwaukee Bucks,113,110,+652,-1000
N/A,Golden State Warriors,Los Angeles Clippers,125,130,-164,+137
N/A,Denver Nuggets,Sacramento Kings,98,102,-208,+171
N/A,Phoenix Suns,Detroit Pistons,116,100,-1000,+623
N/A,Utah Jazz,Los Angeles Lakers,122,138,-192,+160
N/A,Dallas Mavericks,San Antonio Spurs,116,93,-625,+436
N/A,Memphis Grizzlies,Houston Rockets,121,113,+116,-137
N/A,New Orleans Pelicans,Washington Wizards,133,126,-1111,+687
N/A,Boston Celtics,Brooklyn Nets,136,86,-714,+487
N/A,Cleveland Cavaliers,Chicago Bulls,108,105,-435,+324
N/A,Toronto Raptors,Indiana Pacers,125,127,+121,-145
N/A,Charlotte Hornets,Atlanta Hawks,122,99,+215,-270
N/A,Orlando Magic,New York Knicks,118,100,-159,+133
N/A,Philadelphia 76ers,Miami Heat,104,109,-141,+118
N/A,Los Angeles Lakers,Detroit Pistons,125,111,-625,+444
N/A,Phoenix Suns,Sacramento Kings,130,125,-182,+152
N/A,Portland Trail Blazers,Minnesota Timberwolves,109,121,+295,-385
N/A,Milwaukee Bucks,Miami Heat,97,123,-294,+239
N/A,Brooklyn Nets,Boston Celtics,110,118,+262,-333
N/A,Orlando Magic,Oklahoma City Thunder,113,127,+120,-143
N/A,Los Angeles Clippers,Minnesota Timberwolves,100,121,-200,+163
N/A,Utah Jazz,Golden State Warriors,107,129,-105,-114
N/A,Dallas Mavericks,Washington Wizards,112,104,-714,+496
N/A,Houston Rockets,New York Knicks,105,103,-109,-110
N/A,Memphis Grizzlies,New Orleans Pelicans,87,96,+330,-435
N/A,Milwaukee Bucks,Denver Nuggets,112,95,-115,-102
N/A,Atlanta Hawks,Chicago Bulls,126,136,-196,+160
N/A,Toronto Raptors,San Antonio Spurs,99,122,-238,+191
N/A,Charlotte Hornets,Indiana Pacers,111,102,+359,-476
N/A,Cleveland Cavaliers,Philadelphia 76ers,121,123,-667,+453
N/A,Oklahoma City Thunder,Sacramento Kings,127,113,-152,+127
N/A,Miami Heat,Boston Celtics,106,110,+246,-312
N/A,Portland Trail Blazers,New Orleans Pelicans,84,93,+267,-345
N/A,Golden State Warriors,Phoenix Suns,113,112,+100,-119
N/A,Atlanta Hawks,Houston Rockets,122,113,-278,+222
N/A,New York Knicks,Indiana Pacers,111,125,+139,-164
N/A,Toronto Raptors,Cleveland Cavaliers,95,119,+285,-370
N/A,Charlotte Hornets,Memphis Grizzlies,115,106,+167,-204
N/A,Orlando Magic,Chicago Bulls,114,108,-204,+166
N/A,Washington Wizards,Philadelphia 76ers,113,119,+175,-217
N/A,Brooklyn Nets,San Antonio Spurs,123,103,-227,+186
N/A,Los Angeles Clippers,Detroit Pistons,112,106,-1667,+876
N/A,Dallas Mavericks,Oklahoma City Thunder,146,111,+100,-120
N/A,Los Angeles Lakers,New Orleans Pelicans,139,122,+118,-141
N/A,Sacramento Kings,Denver Nuggets,135,106,-147,+123
N/A,Milwaukee Bucks,Charlotte Hornets,120,84,-1667,+909
N/A,Boston Celtics,Washington Wizards,133,129,-2500,+1221
N/A,Toronto Raptors,Houston Rockets,107,104,-143,+121
N/A,Philadelphia 76ers,Atlanta Hawks,121,127,+135,-159
N/A,Los Angeles Lakers,Denver Nuggets,106,114,+127,-152
N/A,Portland Trail Blazers,Detroit Pistons,122,128,-182,+150
N/A,Phoenix Suns,Utah Jazz,129,115,-213,+172
N/A,Memphis Grizzlies,Chicago Bulls,110,118,+175,-217
N/A,Milwaukee Bucks,Minnesota Timberwolves,105,129,+108,-130
N/A,Brooklyn Nets,Cleveland Cavaliers,95,118,+234,-303
N/A,New York Knicks,Dallas Mavericks,108,122,+187,-233
N/A,Indiana Pacers,Golden State Warriors,109,131,-227,+181
N/A,Orlando Magic,San Antonio Spurs,127,111,-500,+375
N/A,Los Angeles Clippers,New Orleans Pelicans,106,117,-208,+172
N/A,Sacramento Kings,Detroit Pistons,120,133,-909,+580
N/A,Boston Celtics,Atlanta Hawks,125,117,-714,+491
N/A,Miami Heat,San Antonio Spurs,116,104,-333,+264
N/A,Philadelphia 76ers,Golden State Warriors,104,127,+129,-154
N/A,Charlotte Hornets,Toronto Raptors,117,123,+220,-278
N/A,Washington Wizards,Cleveland Cavaliers,106,114,+466,-667
N/A,Phoenix Suns,Milwaukee Bucks,114,106,-227,+179
N/A,Utah Jazz,Oklahoma City Thunder,124,117,+129,-154
N/A,Chicago Bulls,Minnesota Timberwolves,129,123,+170,-208
N/A,Brooklyn Nets,Dallas Mavericks,107,119,+129,-154
N/A,Miami Heat,Orlando Magic,121,95,-159,+131
N/A,New York Knicks,Memphis Grizzlies,123,113,-1000,+645
N/A,Indiana Pacers,Houston Rockets,132,129,-333,+261
N/A,New Orleans Pelicans,Toronto Raptors,138,100,-526,+387
N/A,Atlanta Hawks,Los Angeles Clippers,144,149,+146,-175
N/A,Brooklyn Nets,Golden State Warriors,98,109,-108,-110
N/A,Charlotte Hornets,Los Angeles Lakers,118,124,+557,-833
N/A,Cleveland Cavaliers,Sacramento Kings,136,110,-196,+161
N/A,Philadelphia 76ers,Dallas Mavericks,102,118,+121,-145
N/A,Denver Nuggets,Portland Trail Blazers,112,103,-1429,+789
N/A,Utah Jazz,Milwaukee Bucks,123,108,-137,+116
N/A,Minnesota Timberwolves,Houston Rockets,111,90,-323,+256
N/A,Oklahoma City Thunder,Toronto Raptors,135,127,-370,+281
N/A,Boston Celtics,Memphis Grizzlies,131,91,-3333,+1224
N/A,Charlotte Hornets,Indiana Pacers,99,115,+459,-667
N/A,Miami Heat,Los Angeles Clippers,95,103,+159,-192
N/A,Washington Wizards,Phoenix Suns,112,140,+411,-588
N/A,Detroit Pistons,Orlando Magic,99,111,+202,-256
N/A,Dallas Mavericks,Milwaukee Bucks,117,129,+141,-169
N/A,New York Knicks,Los Angeles Lakers,105,113,-132,+112
N/A,San Antonio Spurs,Cleveland Cavaliers,101,117,+375,-500
N/A,Chicago Bulls,Sacramento Kings,115,123,-115,-102
N/A,Atlanta Hawks,Golden State Warriors,141,134,-132,+110
N/A,Philadelphia 76ers,Brooklyn Nets,121,136,-130,+110
N/A,Denver Nuggets,Portland Trail Blazers,120,108,-1000,+622
N/A,Houston Rockets,Toronto Raptors,135,106,-179,+148
N/A,Memphis Grizzlies,Golden State Warriors,101,121,+235,-303
N/A,Minnesota Timberwolves,Orlando Magic,106,108,-270,+213
N/A,Oklahoma City Thunder,Charlotte Hornets,126,106,-1429,+777
N/A,San Antonio Spurs,New Orleans Pelicans,113,114,+277,-357
N/A,Atlanta Hawks,Phoenix Suns,129,120,+127,-152
N/A,Indiana Pacers,Sacramento Kings,122,133,+143,-172
N/A,Detroit Pistons,Los Angeles Clippers,125,136,+459,-667
N/A,Washington Wizards,Miami Heat,102,110,+252,-323
N/A,Utah Jazz,Philadelphia 76ers,124,127,-189,+156
N/A,Memphis Grizzlies,Cleveland Cavaliers,101,108,+286,-370
N/A,Boston Celtics,Los Angeles Lakers,105,114,-1429,+809
N/A,New York Knicks,Indiana Pacers,109,105,-127,+106
N/A,Portland Trail Blazers,Milwaukee Bucks,119,116,+382,-526
N/A,Brooklyn Nets,Phoenix Suns,120,136,+136,-161
N/A,Houston Rockets,New Orleans Pelicans,99,110,-116,-103
N/A,Minnesota Timberwolves,Dallas Mavericks,121,87,-909,+594
N/A,Oklahoma City Thunder,Denver Nuggets,105,100,-222,+179
N/A,San Antonio Spurs,Orlando Magic,98,108,+200,-250
N/A,Miami Heat,Sacramento Kings,115,106,-133,+112
N/A,Charlotte Hornets,Chicago Bulls,110,117,+186,-227
N/A,Cleveland Cavaliers,Detroit Pistons,128,121,-909,+591
N/A,Washington Wizards,Los Angeles Clippers,109,125,+326,-435
N/A,Golden State Warriors,Philadelphia 76ers,119,107,-132,+110
N/A,Chicago Bulls,Toronto Raptors,107,118,-270,+219
N/A,Atlanta Hawks,Los Angeles Lakers,138,122,-222,+179
N/A,Boston Celtics,Indiana Pacers,129,124,-323,+257
N/A,New York Knicks,Utah Jazz,118,103,-159,+133
N/A,Portland Trail Blazers,Philadelphia 76ers,130,104,+179,-222
N/A,Denver Nuggets,Milwaukee Bucks,113,107,-172,+145
N/A,Dallas Mavericks,Orlando Magic,131,129,-175,+146
N/A,Houston Rockets,Los Angeles Lakers,135,119,-101,-118
N/A,Memphis Grizzlies,Sacramento Kings,94,103,+394,-556
N/A,Oklahoma City Thunder,Minnesota Timberwolves,101,107,-143,+120
N/A,San Antonio Spurs,Washington Wizards,113,118,-164,+136
N/A,Boston Celtics,New Orleans Pelicans,118,112,-323,+252
N/A,Brooklyn Nets,Utah Jazz,147,114,-110,-108
N/A,Miami Heat,Phoenix Suns,105,118,-135,+112
N/A,Charlotte Hornets,New York Knicks,92,113,+323,-435
N/A,Cleveland Cavaliers,Los Angeles Clippers,118,108,+104,-125
N/A,Portland Trail Blazers,Chicago Bulls,96,104,+186,-233
N/A,Atlanta Hawks,Toronto Raptors,126,125,-238,+191
N/A,Orlando Magic,Phoenix Suns,113,98,+102,-122
N/A,Indiana Pacers,Memphis Grizzlies,116,110,-294,+234
N/A,Detroit Pistons,Oklahoma City Thunder,120,104,+576,-833
N/A,Dallas Mavericks,Sacramento Kings,115,120,+145,-172
N/A,Golden State Warriors,Los Angeles Lakers,144,145,-122,+102
N/A,San Antonio Spurs,Minnesota Timberwolves,113,112,+374,-526
N/A,Milwaukee Bucks,New Orleans Pelicans,141,117,-159,+133
N/A,Boston Celtics,Los Angeles Clippers,96,115,-270,+216
N/A,Charlotte Hornets,Utah Jazz,122,134,+351,-476
N/A,Brooklyn Nets,Houston Rockets,106,104,-172,+143
N/A,Denver Nuggets,Philadelphia 76ers,111,105,-345,+254
N/A,New York Knicks,Miami Heat,125,109,-189,+154
N/A,Detroit Pistons,Washington Wizards,104,118,-154,+129
N/A,San Antonio Spurs,Portland Trail Blazers,116,100,-196,+163
N/A,Memphis Grizzlies,Orlando Magic,107,106,+200,-244
N/A,Milwaukee Bucks,Cleveland Cavaliers,100,112,-217,+175
N/A,New Orleans Pelicans,Oklahoma City Thunder,83,107,+102,-122
N/A,Toronto Raptors,Los Angeles Clippers,107,127,+260,-333
N/A,Atlanta Hawks,Dallas Mavericks,143,148,-130,+108
N/A,Charlotte Hornets,Houston Rockets,104,138,+161,-196
N/A,Indiana Pacers,Phoenix Suns,133,131,+158,-192
N/A,Los Angeles Lakers,Chicago Bulls,141,132,-233,+188
N/A,Golden State Warriors,Sacramento Kings,133,134,+104,-122
N/A,Brooklyn Nets,Minnesota Timberwolves,94,96,+140,-167
N/A,Miami Heat,Boston Celtics,110,143,+260,-333
N/A,New York Knicks,Denver Nuggets,122,84,+116,-137
N/A,Indiana Pacers,Philadelphia 76ers,134,122,+141,-169
N/A,Washington Wizards,Utah Jazz,108,123,+221,-278
N/A,Golden State Warriors,Atlanta Hawks,134,112,-238,+197
N/A,San Antonio Spurs,Oklahoma City Thunder,114,140,+297,-385
N/A,Dallas Mavericks,Phoenix Suns,109,132,+112,-133
N/A,Houston Rockets,Portland Trail Blazers,131,137,-476,+357
N/A,Milwaukee Bucks,Cleveland Cavaliers,126,116,-263,+216
N/A,Miami Heat,Memphis Grizzlies,96,105,-625,+444
N/A,Detroit Pistons,Charlotte Hornets,113,106,-139,+117
N/A,Washington Wizards,Minnesota Timberwolves,107,118,+390,-526
N/A,Los Angeles Clippers,Los Angeles Lakers,127,116,-400,+316
N/A,New Orleans Pelicans,Utah Jazz,153,124,-263,+213
N/A,Oklahoma City Thunder,Portland Trail Blazers,111,109,-833,+577
N/A,Brooklyn Nets,New York Knicks,103,108,+137,-161
N/A,Indiana Pacers,Denver Nuggets,109,114,+166,-196
N/A,Sacramento Kings,Atlanta Hawks,122,107,-345,+269
N/A,Phoenix Suns,Chicago Bulls,115,113,-208,+172
N/A,Dallas Mavericks,Boston Celtics,110,119,+119,-139
N/A,Minnesota Timberwolves,Charlotte Hornets,125,128,-1000,+659
N/A,Toronto Raptors,Memphis Grizzlies,100,108,-263,+218
N/A,Detroit Pistons,Milwaukee Bucks,113,122,+508,-714
N/A,Orlando Magic,Cleveland Cavaliers,99,126,+114,-135
N/A,Philadelphia 76ers,San Antonio Spurs,133,123,-909,+608
N/A,Los Angeles Lakers,Portland Trail Blazers,134,110,-588,+419
N/A,Phoenix Suns,Indiana Pacers,117,110,-263,+212
N/A,Houston Rockets,Boston Celtics,107,116,+496,-714
N/A,Orlando Magic,Miami Heat,105,87,-111,-106
N/A,Washington Wizards,Denver Nuggets,104,113,+519,-769
N/A,Los Angeles Clippers,Brooklyn Nets,125,114,-476,+363
N/A,Chicago Bulls,Memphis Grizzlies,125,96,-303,+244
N/A,Houston Rockets,Utah Jazz,127,126,-128,+108
N/A,Minnesota Timberwolves,Oklahoma City Thunder,97,102,-149,+124
N/A,Atlanta Hawks,Cleveland Cavaliers,95,116,+112,-133
N/A,New York Knicks,Toronto Raptors,126,100,-294,+234
N/A,Charlotte Hornets,Philadelphia 76ers,89,97,+463,-667
N/A,Washington Wizards,San Antonio Spurs,127,131,-132,+110
N/A,Detroit Pistons,Milwaukee Bucks,135,141,+611,-909
N/A,Los Angeles Lakers,Brooklyn Nets,112,130,-286,+229
N/A,Portland Trail Blazers,Indiana Pacers,118,115,+257,-323
N/A,Miami Heat,Atlanta Hawks,108,109,-286,+227
N/A,New Orleans Pelicans,Phoenix Suns,109,123,-135,+114
N/A,Boston Celtics,Denver Nuggets,100,102,-278,+222
N/A,Charlotte Hornets,San Antonio Spurs,124,120,-189,+156
N/A,Orlando Magic,Philadelphia 76ers,109,124,+168,-204
N/A,Minnesota Timberwolves,Memphis Grizzlies,118,103,-714,+503
N/A,Sacramento Kings,Indiana Pacers,121,126,-345,+273
N/A,Utah Jazz,Oklahoma City Thunder,129,134,+127,-152
N/A,New York Knicks,Washington Wizards,113,109,-667,+476
N/A,Toronto Raptors,Chicago Bulls,110,116,+108,-128
N/A,Portland Trail Blazers,Brooklyn Nets,105,103,+174,-213
N/A,Los Angeles Lakers,Dallas Mavericks,127,110,-152,+127
N/A,New Orleans Pelicans,Charlotte Hornets,132,112,-714,+487
N/A,Atlanta Hawks,Orlando Magic,106,104,-175,+147
N/A,Boston Celtics,San Antonio Spurs,117,98,-1250,+723
N/A,Cleveland Cavaliers,Milwaukee Bucks,135,95,-123,+104
N/A,New York Knicks,Houston Rockets,109,94,-278,+224
N/A,Toronto Raptors,Miami Heat,121,97,+125,-149
N/A,Detroit Pistons,Minnesota Timberwolves,117,124,+508,-769
N/A,Los Angeles Clippers,Oklahoma City Thunder,128,117,-244,+198
N/A,Phoenix Suns,Sacramento Kings,119,117,-172,+146
N/A,Philadelphia 76ers,Denver Nuggets,126,121,-125,+106
N/A,Los Angeles Lakers,Oklahoma City Thunder,112,105,+120,-141
N/A,Utah Jazz,Indiana Pacers,132,105,-270,+217
N/A,Brooklyn Nets,Miami Heat,95,96,-103,-114
N/A,Toronto Raptors,Boston Celtics,96,105,+214,-263
N/A,Cleveland Cavaliers,Chicago Bulls,109,91,-179,+150
N/A,Memphis Grizzlies,Golden State Warriors,116,107,+244,-303
N/A,Atlanta Hawks,San Antonio Spurs,109,99,-333,+270
N/A,New York Knicks,Orlando Magic,94,98,-217,+179
N/A,Washington Wizards,Detroit Pistons,117,129,-222,+181
N/A,Dallas Mavericks,New Orleans Pelicans,125,120,+161,-196
N/A,Philadelphia 76ers,Houston Rockets,124,115,-333,+269
N/A,Portland Trail Blazers,Phoenix Suns,116,127,+646,-1000
N/A,Milwaukee Bucks,Sacramento Kings,143,142,-169,+144
N/A,Minnesota Timberwolves,Los Angeles Clippers,109,105,-109,-109
N/A,Miami Heat,Charlotte Hornets,104,87,-385,+299
N/A,Denver Nuggets,Indiana Pacers,117,109,-526,+401
N/A,Utah Jazz,Los Angeles Lakers,132,125,-141,+119
N/A,Dallas Mavericks,New Orleans Pelicans,108,118,-217,+175
N/A,San Antonio Spurs,Chicago Bulls,116,122,+204,-250
N/A,Memphis Grizzlies,New York Knicks,94,106,+405,-526
N/A,Milwaukee Bucks,Golden State Warriors,129,118,-909,+631
N/A,Oklahoma City Thunder,Orlando Magic,112,100,-625,+451
N/A,Atlanta Hawks,Washington Wizards,99,127,-323,+254
N/A,Boston Celtics,Houston Rockets,145,113,-1111,+709
N/A,Denver Nuggets,New Orleans Pelicans,125,113,-222,+185
N/A,Utah Jazz,Toronto Raptors,145,113,-119,+102
N/A,Chicago Bulls,Golden State Warriors,131,140,-143,+122
N/A,Memphis Grizzlies,Los Angeles Clippers,119,128,+282,-345
N/A,Miami Heat,Orlando Magic,99,96,-120,+102
N/A,Minnesota Timberwolves,Portland Trail Blazers,116,93,-1429,+855
N/A,San Antonio Spurs,Charlotte Hornets,135,99,-135,+114
N/A,Atlanta Hawks,Indiana Pacers,108,126,-217,+179
N/A,Detroit Pistons,Houston Rockets,110,112,+289,-370
N/A,Philadelphia 76ers,Sacramento Kings,112,93,-110,-106
N/A,Los Angeles Lakers,Phoenix Suns,109,127,+100,-116
N/A,Dallas Mavericks,New York Knicks,128,124,+164,-196
N/A,Oklahoma City Thunder,Portland Trail Blazers,139,77,-909,+628
N/A,Milwaukee Bucks,Boston Celtics,135,102,-132,+112
N/A,Cleveland Cavaliers,Brooklyn Nets,111,102,-164,+139
N/A,Los Angeles Clippers,Toronto Raptors,126,120,-625,+451
N/A,Utah Jazz,Denver Nuggets,124,111,+217,-263
N/A,Golden State Warriors,New Orleans Pelicans,105,141,+119,-139
N/A,Chicago Bulls,Houston Rockets,124,119,-167,+142
N/A,Atlanta Hawks,Philadelphia 76ers,139,132,-114,-102
N/A,Miami Heat,Oklahoma City Thunder,120,128,+152,-182
N/A,Boston Celtics,Minnesota Timberwolves,127,120,-556,+399
N/A,Charlotte Hornets,Sacramento Kings,98,123,+272,-345
N/A,Detroit Pistons,San Antonio Spurs,108,130,+129,-154
N/A,Indiana Pacers,Washington Wizards,112,104,-333,+264
N/A,Los Angeles Lakers,Toronto Raptors,132,131,-192,+161
N/A,Dallas Mavericks,Memphis Grizzlies,103,120,-435,+344
N/A,New York Knicks,Portland Trail Blazers,112,84,-769,+552
N/A,Detroit Pistons,Sacramento Kings,110,131,+418,-556
N/A,Orlando Magic,Minnesota Timberwolves,92,113,+172,-204
N/A,Los Angeles Clippers,Phoenix Suns,138,111,-204,+171
N/A,Milwaukee Bucks,Utah Jazz,116,132,-357,+283
N/A,Miami Heat,Houston Rockets,120,113,-175,+149
N/A,Charlotte Hornets,Chicago Bulls,112,119,+215,-270
N/A,Indiana Pacers,Boston Celtics,133,131,+131,-159
N/A,Washington Wizards,Oklahoma City Thunder,128,136,+438,-588
N/A,Los Angeles Lakers,Los Angeles Clippers,106,103,+167,-196
N/A,Golden State Warriors,Toronto Raptors,118,133,-130,+112
N/A,Denver Nuggets,Detroit Pistons,131,114,-1429,+894
N/A,Phoenix Suns,Memphis Grizzlies,115,121,-294,+243
N/A,Dallas Mavericks,Minnesota Timberwolves,115,108,+112,-132
N/A,Orlando Magic,Atlanta Hawks,117,110,+118,-139
N/A,Sacramento Kings,New Orleans Pelicans,100,133,-185,+156
N/A,Brooklyn Nets,Portland Trail Blazers,127,134,-370,+297
N/A,Cleveland Cavaliers,San Antonio Spurs,117,115,-526,+403
N/A,Houston Rockets,Milwaukee Bucks,112,108,+225,-278
N/A,Philadelphia 76ers,Utah Jazz,109,120,-263,+215
N/A,Indiana Pacers,Boston Celtics,101,118,+218,-270
N/A,Washington Wizards,New York Knicks,105,121,+318,-400
N/A,Golden State Warriors,Detroit Pistons,113,109,-500,+380
N/A,Los Angeles Lakers,Memphis Grizzlies,113,127,-172,+147
N/A,Sacramento Kings,Toronto Raptors,135,130,-185,+156
N/A,Denver Nuggets,Orlando Magic,120,122,-476,+366
N/A,Phoenix Suns,Miami Heat,113,97,-143,+121
N/A,Dallas Mavericks,Portland Trail Blazers,139,103,-303,+243
N/A,Chicago Bulls,Charlotte Hornets,104,91,-370,+295
N/A,Houston Rockets,Minnesota Timberwolves,95,122,+146,-172
N/A,New Orleans Pelicans,Los Angeles Clippers,95,111,-106,-110
N/A,Brooklyn Nets,Oklahoma City Thunder,124,115,+159,-192
N/A,Cleveland Cavaliers,Washington Wizards,114,90,-500,+392
N/A,Philadelphia 76ers,New York Knicks,92,128,-227,+186
N/A,Boston Celtics,Utah Jazz,126,97,-1111,+708
N/A,Indiana Pacers,Atlanta Hawks,150,116,-141,+120
N/A,Golden State Warriors,Denver Nuggets,127,130,+143,-167
N/A,San Antonio Spurs,Milwaukee Bucks,121,125,+428,-556
N/A,Los Angeles Lakers,Miami Heat,96,110,-200,+167
N/A,Sacramento Kings,Orlando Magic,138,135,-208,+173
N/A,Phoenix Suns,Los Angeles Clippers,122,131,+144,-169
N/A,Utah Jazz,Detroit Pistons,154,148,-357,+285
N/A,Dallas Mavericks,Portland Trail Blazers,126,97,-556,+419
N/A,New York Knicks,Chicago Bulls,116,100,-333,+270
N/A,Houston Rockets,Brooklyn Nets,112,101,-169,+144
N/A,Memphis Grizzlies,Toronto Raptors,111,116,-115,-102
N/A,Minnesota Timberwolves,New Orleans Pelicans,106,117,-233,+192
N/A,Atlanta Hawks,Oklahoma City Thunder,141,138,-112,-104
N/A,Cleveland Cavaliers,Washington Wizards,140,101,-400,+309
N/A,Indiana Pacers,Milwaukee Bucks,142,130,+134,-159
N/A,Golden State Warriors,Orlando Magic,121,115,-167,+140
N/A,Sacramento Kings,Charlotte Hornets,104,111,-1250,+766
N/A,Memphis Grizzlies,San Antonio Spurs,106,98,-556,+422
N/A,New Orleans Pelicans,Brooklyn Nets,112,85,-217,+177
N/A,Oklahoma City Thunder,Boston Celtics,127,123,+146,-172
N/A,Philadelphia 76ers,Chicago Bulls,110,97,-455,+353
N/A,Los Angeles Clippers,Miami Heat,121,104,-333,+269
N/A,Denver Nuggets,Charlotte Hornets,111,93,-1667,+930
N/A,Phoenix Suns,Portland Trail Blazers,109,88,-417,+328
N/A,Utah Jazz,Dallas Mavericks,127,90,+152,-182
N/A,Houston Rockets,Detroit Pistons,136,113,-400,+322
N/A,Milwaukee Bucks,Indiana Pacers,113,122,-323,+261
N/A,Toronto Raptors,Cleveland Cavaliers,124,121,-143,+122
N/A,New York Knicks,Minnesota Timberwolves,112,106,-101,-115
N/A,Memphis Grizzlies,Sacramento Kings,92,123,-112,-104
N/A,Phoenix Suns,Orlando Magic,112,107,-227,+186
N/A,New Orleans Pelicans,Los Angeles Lakers,129,109,-227,+184
N/A,Oklahoma City Thunder,Brooklyn Nets,124,108,-294,+239
N/A,San Antonio Spurs,Boston Celtics,101,134,+713,-1111
N/A,Washington Wizards,Atlanta Hawks,126,130,+206,-250
N/A,Golden State Warriors,Dallas Mavericks,122,132,-172,+146
N/A,Chicago Bulls,Philadelphia 76ers,105,92,-111,-105
N/A,Minnesota Timberwolves,Los Angeles Lakers,108,106,-172,+145
N/A,Indiana Pacers,New York Knicks,140,126,-167,+142
N/A,Detroit Pistons,Toronto Raptors,129,127,+141,-167
N/A,Utah Jazz,Miami Heat,117,109,+129,-152
N/A,Los Angeles Clippers,Memphis Grizzlies,117,106,-169,+144
N/A,Portland Trail Blazers,San Antonio Spurs,134,128,-185,+154
N/A,Denver Nuggets,Oklahoma City Thunder,93,119,-127,+108
N/A,Phoenix Suns,Charlotte Hornets,133,119,-1111,+743
N/A,Houston Rockets,Philadelphia 76ers,127,131,+100,-119
N/A,Atlanta Hawks,Sacramento Kings,110,117,-101,-116
N/A,Boston Celtics,Toronto Raptors,120,118,-192,+162
N/A,Cleveland Cavaliers,Milwaukee Bucks,111,119,+170,-200
N/A,Orlando Magic,New York Knicks,117,108,-104,-112
N/A,Washington Wizards,Brooklyn Nets,110,104,+194,-233
N/A,Los Angeles Lakers,Charlotte Hornets,133,112,-833,+578
N/A,Golden State Warriors,Miami Heat,102,114,-250,+206
N/A,Portland Trail Blazers,San Antonio Spurs,105,118,-156,+133
N/A,Denver Nuggets,Memphis Grizzlies,142,105,-400,+313
N/A,Chicago Bulls,Indiana Pacers,104,120,-105,-110
N/A,Minnesota Timberwolves,Dallas Mavericks,118,110,-714,+520
N/A,New Orleans Pelicans,Utah Jazz,112,105,-370,+295
N/A,Boston Celtics,Detroit Pistons,128,122,-1429,+852
N/A,Dallas Mavericks,Cleveland Cavaliers,110,113,-238,+195
N/A,Houston Rockets,Phoenix Suns,113,129,+129,-152
N/A,Oklahoma City Thunder,New York Knicks,129,120,-159,+136
N/A,Brooklyn Nets,Milwaukee Bucks,122,144,+344,-455
N/A,Orlando Magic,Philadelphia 76ers,92,112,-133,+114
N/A,Washington Wizards,Toronto Raptors,102,132,+220,-270
N/A,Los Angeles Clippers,Charlotte Hornets,113,104,-526,+395
N/A,Portland Trail Blazers,Sacramento Kings,130,113,+308,-385
N/A,Chicago Bulls,Atlanta Hawks,118,113,+114,-133
N/A,Houston Rockets,Indiana Pacers,117,123,-143,+122
N/A,New Orleans Pelicans,Memphis Grizzlies,115,116,-185,+154
N/A,Oklahoma City Thunder,Minnesota Timberwolves,129,106,-125,+106
N/A,San Antonio Spurs,Utah Jazz,118,130,+123,-145
N/A,Detroit Pistons,Brooklyn Nets,112,118,+204,-250
N/A,Washington Wizards,Orlando Magic,119,127,+229,-278
N/A,Phoenix Suns,Dallas Mavericks,114,128,-175,+149
N/A,Miami Heat,Philadelphia 76ers,119,113,-133,+112
N/A,Los Angeles Lakers,Boston Celtics,115,126,+159,-185
N/A,Denver Nuggets,Golden State Warriors,120,114,-294,+239
N/A,New York Knicks,Milwaukee Bucks,129,122,+136,-159
N/A,Sacramento Kings,Minnesota Timberwolves,98,110,-132,+112
N/A,Dallas Mavericks,San Antonio Spurs,144,119,-345,+275
N/A,Golden State Warriors,Portland Trail Blazers,126,106,-357,+285
N/A,Chicago Bulls,Cleveland Cavaliers,95,109,-238,+196
N/A,Oklahoma City Thunder,Los Angeles Lakers,120,129,-161,+137
N/A,Atlanta Hawks,Memphis Grizzlies,119,125,-123,+104
N/A,Brooklyn Nets,Detroit Pistons,126,115,-455,+346
N/A,Toronto Raptors,Utah Jazz,119,126,-217,+179
N/A,Charlotte Hornets,Denver Nuggets,95,102,+399,-526
N/A,Indiana Pacers,Orlando Magic,110,117,-133,+114
N/A,New Orleans Pelicans,Houston Rockets,104,106,-286,+234
N/A,Los Angeles Clippers,Boston Celtics,108,145,+149,-175
N/A,New York Knicks,Milwaukee Bucks,111,130,+114,-135
N/A,Golden State Warriors,Washington Wizards,129,118,-556,+415
N/A,Sacramento Kings,Phoenix Suns,120,105,-169,+144
N/A,Houston Rockets,Dallas Mavericks,122,96,-345,+270
N/A,Miami Heat,Atlanta Hawks,122,113,-115,-102
N/A,Brooklyn Nets,Denver Nuggets,117,122,+161,-192
N/A,Philadelphia 76ers,Toronto Raptors,121,111,-312,+252
N/A,Portland Trail Blazers,Washington Wizards,117,118,-179,+150
N/A,Minnesota Timberwolves,Los Angeles Lakers,118,111,-333,+260
N/A,Chicago Bulls,San Antonio Spurs,114,95,-238,+193
N/A,Memphis Grizzlies,Indiana Pacers,116,103,-133,+112
N/A,Milwaukee Bucks,Orlando Magic,118,114,-345,+279
N/A,Oklahoma City Thunder,Los Angeles Clippers,134,115,-233,+190
N/A,Cleveland Cavaliers,New Orleans Pelicans,104,123,+135,-159
N/A,Detroit Pistons,Utah Jazz,111,119,-128,+110
N/A,Sacramento Kings,Boston Celtics,119,144,-156,+131
N/A,Dallas Mavericks,Los Angeles Clippers,111,120,+108,-127
N/A,Chicago Bulls,Los Angeles Lakers,124,108,+143,-169
N/A,Houston Rockets,Atlanta Hawks,127,134,-143,+121
N/A,Brooklyn Nets,New York Knicks,102,121,-103,-112
N/A,Toronto Raptors,Denver Nuggets,104,113,+141,-169
N/A,Cleveland Cavaliers,Utah Jazz,124,116,-156,+131
N/A,Indiana Pacers,Charlotte Hornets,144,113,-500,+368
N/A,Orlando Magic,Miami Heat,106,115,-204,+169
N/A,Philadelphia 76ers,Minnesota Timberwolves,127,113,-167,+141
N/A,Golden State Warriors,Boston Celtics,132,126,+163,-196
N/A,Portland Trail Blazers,Phoenix Suns,109,104,+238,-294
N/A,Milwaukee Bucks,San Antonio Spurs,132,119,-1429,+853
N/A,New Orleans Pelicans,Memphis Grizzlies,113,115,-370,+291
N/A,Los Angeles Lakers,New York Knicks,109,114,-192,+161
N/A,Sacramento Kings,Washington Wizards,143,131,-1000,+648
N/A,Denver Nuggets,Dallas Mavericks,130,104,-333,+265
N/A,Utah Jazz,Brooklyn Nets,125,108,+133,-159
N/A,Oklahoma City Thunder,Memphis Grizzlies,116,97,-500,+373
N/A,Atlanta Hawks,Detroit Pistons,130,124,-625,+454
N/A,Miami Heat,Minnesota Timberwolves,108,112,+106,-125
N/A,Toronto Raptors,Charlotte Hornets,114,99,-769,+550
N/A,Cleveland Cavaliers,Houston Rockets,135,130,-169,+144
N/A,Indiana Pacers,Los Angeles Clippers,127,151,+142,-169
N/A,Philadelphia 76ers,Chicago Bulls,104,108,-500,+384
N/A,Portland Trail Blazers,Golden State Warriors,114,118,+185,-227
N/A,Phoenix Suns,Washington Wizards,112,108,-769,+551
N/A,Milwaukee Bucks,Houston Rockets,128,119,-278,+227
N/A,San Antonio Spurs,New Orleans Pelicans,110,146,+250,-303
N/A,Boston Celtics,Orlando Magic,114,97,-357,+281
N/A,Los Angeles Clippers,New York Knicks,144,122,-250,+206
N/A,Sacramento Kings,Utah Jazz,125,104,-333,+272
N/A,Denver Nuggets,Oklahoma City Thunder,117,118,-208,+175
N/A,Portland Trail Blazers,Dallas Mavericks,120,131,+164,-196
N/A,Golden State Warriors,Brooklyn Nets,124,120,-154,+133
N/A,Miami Heat,Chicago Bulls,118,116,-196,+165
N/A,Minnesota Timberwolves,Indiana Pacers,127,109,-476,+370
N/A,Cleveland Cavaliers,Atlanta Hawks,127,119,-182,+154
N/A,Charlotte Hornets,Philadelphia 76ers,82,135,+466,-625
N/A,Milwaukee Bucks,Detroit Pistons,146,114,-1429,+790
N/A,Phoenix Suns,New York Knicks,122,139,-192,+161
N/A,Memphis Grizzlies,Houston Rockets,96,103,+121,-143
N/A,Boston Celtics,Orlando Magic,128,111,-217,+179
N/A,San Antonio Spurs,Los Angeles Lakers,129,115,+154,-182
N/A,Toronto Raptors,Atlanta Hawks,104,125,-123,+106
N/A,Charlotte Hornets,New Orleans Pelicans,107,112,+315,-400
N/A,Philadelphia 76ers,Detroit Pistons,124,92,-1111,+733
N/A,Washington Wizards,Indiana Pacers,137,123,+270,-333
N/A,Los Angeles Clippers,Golden State Warriors,121,113,-135,+114
N/A,Portland Trail Blazers,Utah Jazz,114,122,-196,+163
N/A,Sacramento Kings,Oklahoma City Thunder,128,123,-132,+112
N/A,Denver Nuggets,Brooklyn Nets,124,101,-400,+319
N/A,Dallas Mavericks,Minnesota Timberwolves,101,119,+106,-125
N/A,Boston Celtics,Cleveland Cavaliers,116,107,-370,+292
N/A,Miami Heat,Chicago Bulls,116,124,-164,+139
N/A,Phoenix Suns,Brooklyn Nets,112,116,-185,+156
N/A,Utah Jazz,New York Knicks,117,113,+179,-217
N/A,Houston Rockets,Memphis Grizzlies,117,104,-417,+323
N/A,Milwaukee Bucks,Indiana Pacers,140,126,-250,+204
N/A,San Antonio Spurs,Los Angeles Lakers,119,122,+137,-164
N/A,Miami Heat,Charlotte Hornets,115,104,-312,+252
N/A,Toronto Raptors,Atlanta Hawks,135,128,-135,+114
N/A,Detroit Pistons,Philadelphia 76ers,111,129,+486,-667
N/A,Washington Wizards,New Orleans Pelicans,122,142,+219,-270
N/A,Los Angeles Clippers,Sacramento Kings,119,99,-164,+139
N/A,Phoenix Suns,Golden State Warriors,119,116,-103,-114
N/A,Chicago Bulls,Denver Nuggets,106,114,+204,-250
N/A,Boston Celtics,Cleveland Cavaliers,120,113,-625,+458
N/A,Dallas Mavericks,Los Angeles Lakers,127,125,+127,-149
N/A,Los Angeles Clippers,Portland Trail Blazers,132,127,-1000,+647
N/A,Sacramento Kings,Brooklyn Nets,131,118,-185,+156
N/A,Houston Rockets,San Antonio Spurs,93,82,-385,+298
N/A,Memphis Grizzlies,Dallas Mavericks,113,120,-104,-112
N/A,Milwaukee Bucks,Chicago Bulls,133,129,-625,+445
N/A,New Orleans Pelicans,Minnesota Timberwolves,121,107,-167,+141
N/A,Oklahoma City Thunder,Utah Jazz,134,120,-769,+555
N/A,Atlanta Hawks,Denver Nuggets,122,129,+127,-152
N/A,New York Knicks,Toronto Raptors,136,130,-172,+146
N/A,Charlotte Hornets,Miami Heat,114,116,+146,-172
N/A,Detroit Pistons,Indiana Pacers,123,131,+229,-278
N/A,Orlando Magic,Cleveland Cavaliers,104,94,-133,+114
N/A,Philadelphia 76ers,Washington Wizards,146,101,-769,+551
N/A,Portland Trail Blazers,Dallas Mavericks,112,125,+355,-455
N/A,Utah Jazz,Los Angeles Clippers,103,117,+260,-323
N/A,Denver Nuggets,Houston Rockets,106,114,-385,+305
N/A,Phoenix Suns,Sacramento Kings,106,114,+129,-152
N/A,San Antonio Spurs,Chicago Bulls,112,121,+112,-132
N/A,Memphis Grizzlies,Minnesota Timberwolves,103,127,+181,-217
N/A,Miami Heat,Cleveland Cavaliers,99,111,+100,-120
N/A,Oklahoma City Thunder,Golden State Warriors,138,136,-154,+129
N/A,Boston Celtics,New York Knicks,133,123,-312,+252
N/A,Brooklyn Nets,Washington Wizards,124,97,-400,+313
N/A,Charlotte Hornets,Toronto Raptors,119,116,+175,-208
N/A,Orlando Magic,Detroit Pistons,123,91,-500,+379
N/A,Philadelphia 76ers,Atlanta Hawks,125,114,-385,+301
N/A,Golden State Warriors,Portland Trail Blazers,110,106,-714,+516
N/A,Los Angeles Clippers,Denver Nuggets,111,102,-110,-108
N/A,Dallas Mavericks,Utah Jazz,147,97,-588,+433
N/A,Chicago Bulls,Charlotte Hornets,111,100,-200,+166
N/A,Houston Rockets,Oklahoma City Thunder,110,101,+108,-125
N/A,Atlanta Hawks,Brooklyn Nets,113,114,-161,+136
N/A,Minnesota Timberwolves,San Antonio Spurs,102,94,-625,+467
N/A,Toronto Raptors,Miami Heat,103,112,-172,+146
N/A,Cleveland Cavaliers,Orlando Magic,121,111,-179,+150
N/A,Detroit Pistons,Memphis Grizzlies,102,116,+108,-127
N/A,Washington Wizards,Philadelphia 76ers,126,131,+365,-476
N/A,Los Angeles Lakers,Houston Rockets,107,97,-196,+164
N/A,Sacramento Kings,Denver Nuggets,123,117,-161,+133
N/A,Utah Jazz,Portland Trail Blazers,118,113,-116,+100
N/A,Dallas Mavericks,Oklahoma City Thunder,120,126,+164,-196
N/A,Phoenix Suns,Memphis Grizzlies,116,109,-476,+358
N/A,Chicago Bulls,New Orleans Pelicans,124,118,-101,-116
N/A,Miami Heat,Indiana Pacers,129,144,-185,+156
N/A,Milwaukee Bucks,Atlanta Hawks,132,121,-250,+206
N/A,Brooklyn Nets,Orlando Magic,129,101,-135,+114
N/A,Detroit Pistons,Cleveland Cavaliers,101,110,+309,-400
N/A,Charlotte Hornets,Minnesota Timberwolves,117,123,+170,-204
N/A,Los Angeles Clippers,Golden State Warriors,113,112,-208,+172
N/A,Phoenix Suns,Denver Nuggets,111,119,-106,-110
N/A,New Orleans Pelicans,San Antonio Spurs,121,106,-769,+517
N/A,Boston Celtics,Philadelphia 76ers,125,119,-625,+443
N/A,Dallas Mavericks,Memphis Grizzlies,94,108,-233,+191
N/A,Toronto Raptors,New York Knicks,106,119,-123,+104
N/A,Orlando Magic,Washington Wizards,130,125,-476,+367
N/A,Golden State Warriors,Los Angeles Clippers,120,114,-128,+110
N/A,Chicago Bulls,Milwaukee Bucks,120,113,+372,-476
N/A,Minnesota Timberwolves,Utah Jazz,101,90,-625,+444
N/A,Oklahoma City Thunder,Los Angeles Lakers,133,110,-196,+163
N/A,San Antonio Spurs,Atlanta Hawks,135,137,+202,-250
N/A,Brooklyn Nets,Charlotte Hornets,128,129,-370,+301
N/A,Miami Heat,Indiana Pacers,142,132,-164,+140
N/A,New York Knicks,Detroit Pistons,118,112,-909,+620
N/A,Cleveland Cavaliers,Portland Trail Blazers,95,103,-625,+454
N/A,Sacramento Kings,Los Angeles Clippers,117,131,+104,-123
N/A,Denver Nuggets,Houston Rockets,134,124,-455,+353
N/A,Memphis Grizzlies,Utah Jazz,105,91,-164,+138
N/A,New Orleans Pelicans,Philadelphia 76ers,124,114,-127,+112
N/A,Toronto Raptors,Phoenix Suns,112,105,+131,-154
N/A,Detroit Pistons,Los Angeles Lakers,107,133,+248,-312
N/A,Orlando Magic,Washington Wizards,139,120,-435,+338
N/A,Sacramento Kings,Golden State Warriors,124,123,-125,+106
N/A,Dallas Mavericks,Houston Rockets,121,115,-172,+148
N/A,Minnesota Timberwolves,Oklahoma City Thunder,106,103,-152,+129
N/A,Boston Celtics,Chicago Bulls,124,97,-714,+505
N/A,Brooklyn Nets,Toronto Raptors,115,103,-122,+104
N/A,Cleveland Cavaliers,Atlanta Hawks,128,105,-179,+152
N/A,Miami Heat,Milwaukee Bucks,124,131,+156,-189
N/A,New York Knicks,Charlotte Hornets,115,91,-588,+442
N/A,Los Angeles Clippers,Denver Nuggets,104,113,-526,+397
N/A,Utah Jazz,New Orleans Pelicans,114,112,+200,-244
N/A,Detroit Pistons,Washington Wizards,107,126,-133,+112
N/A,Indiana Pacers,Portland Trail Blazers,110,114,-667,+469
N/A,Philadelphia 76ers,Los Angeles Lakers,138,94,-217,+179
N/A,Denver Nuggets,San Antonio Spurs,132,120,-526,+393
N/A,Brooklyn Nets,Chicago Bulls,118,109,-147,+125
N/A,Cleveland Cavaliers,Toronto Raptors,105,102,-152,+129
N/A,Boston Celtics,Atlanta Hawks,113,103,-294,+237
N/A,Memphis Grizzlies,Minnesota Timberwolves,97,119,+206,-256
N/A,New York Knicks,Phoenix Suns,113,116,-208,+174
N/A,Orlando Magic,Charlotte Hornets,130,117,-256,+209
N/A,Milwaukee Bucks,Portland Trail Blazers,108,102,-769,+545
N/A,Los Angeles Clippers,Dallas Mavericks,107,88,-119,+100
N/A,Utah Jazz,New Orleans Pelicans,105,100,+125,-147
N/A,Cleveland Cavaliers,Los Angeles Lakers,115,121,-179,+150
N/A,Washington Wizards,Atlanta Hawks,108,136,+271,-345
N/A,Brooklyn Nets,Miami Heat,112,97,-286,+231
N/A,Oklahoma City Thunder,Philadelphia 76ers,123,127,+100,-116
N/A,Los Angeles Clippers,New Orleans Pelicans,106,116,-204,+169
N/A,Golden State Warriors,San Antonio Spurs,118,112,-455,+348
N/A,Houston Rockets,Denver Nuggets,105,86,+125,-147
N/A,Indiana Pacers,Detroit Pistons,136,113,-400,+311
N/A,Milwaukee Bucks,Washington Wizards,131,128,-833,+574
N/A,Minnesota Timberwolves,Sacramento Kings,111,124,-185,+156
N/A,New York Knicks,Miami Heat,100,98,-200,+165
N/A,Toronto Raptors,Chicago Bulls,121,108,-196,+165
N/A,Memphis Grizzlies,Phoenix Suns,89,110,+138,-164
N/A,Orlando Magic,Boston Celtics,113,96,+177,-213
N/A,Los Angeles Lakers,Dallas Mavericks,101,104,-105,-111
N/A,Phoenix Suns,Golden State Warriors,123,115,-145,+122
N/A,Portland Trail Blazers,Utah Jazz,121,105,+129,-152
N/A,Houston Rockets,Memphis Grizzlies,111,91,-204,+169
N/A,Minnesota Timberwolves,Philadelphia 76ers,112,99,-278,+225
N/A,New Orleans Pelicans,Sacramento Kings,117,112,+100,-118
N/A,Oklahoma City Thunder,Chicago Bulls,116,102,-278,+227
N/A,San Antonio Spurs,Los Angeles Clippers,102,109,+263,-323
N/A,Atlanta Hawks,Brooklyn Nets,147,145,-152,+129
N/A,Boston Celtics,Milwaukee Bucks,119,116,-238,+195
N/A,Cleveland Cavaliers,Miami Heat,96,129,-118,+100
N/A,Indiana Pacers,Toronto Raptors,131,132,-137,+118
N/A,Charlotte Hornets,Washington Wizards,117,114,-164,+139
N/A,Orlando Magic,Denver Nuggets,124,119,+133,-156
N/A,Los Angeles Lakers,Utah Jazz,131,99,-303,+242
N/A,Phoenix Suns,Portland Trail Blazers,120,107,-714,+524
N/A,Atlanta Hawks,Indiana Pacers,152,157,-161,+137
N/A,Philadelphia 76ers,Cleveland Cavaliers,119,122,-323,+260
N/A,Orlando Magic,Toronto Raptors,126,107,-120,+104
N/A,Golden State Warriors,Houston Rockets,121,116,-286,+234
N/A,Chicago Bulls,Miami Heat,100,118,+104,-122
N/A,Minnesota Timberwolves,New York Knicks,117,100,-137,+117
N/A,New Orleans Pelicans,Sacramento Kings,129,93,+102,-120
N/A,San Antonio Spurs,Los Angeles Clippers,99,124,+293,-370
N/A,Charlotte Hornets,Boston Celtics,121,118,+284,-357
N/A,Detroit Pistons,Denver Nuggets,103,107,+334,-435
N/A,Washington Wizards,Milwaukee Bucks,129,142,+355,-455
N/A,Los Angeles Lakers,Houston Rockets,105,104,-233,+189
N/A,Portland Trail Blazers,Oklahoma City Thunder,91,134,+222,-270
N/A,Memphis Grizzlies,Boston Celtics,100,102,+466,-667
N/A,Utah Jazz,Phoenix Suns,137,140,+160,-192
N/A,Dallas Mavericks,Sacramento Kings,113,129,-119,+102
N/A,Cleveland Cavaliers,Denver Nuggets,121,109,+152,-182
N/A,Indiana Pacers,Orlando Magic,116,128,-185,+156
N/A,Toronto Raptors,Detroit Pistons,142,113,-417,+324
N/A,Brooklyn Nets,Philadelphia 76ers,99,121,+138,-164
N/A,Golden State Warriors,Oklahoma City Thunder,123,130,-128,+110
N/A,Chicago Bulls,Miami Heat,102,97,+106,-123
N/A,Milwaukee Bucks,Dallas Mavericks,132,125,-125,+106
N/A,San Antonio Spurs,Memphis Grizzlies,108,120,+127,-152
N/A,New Orleans Pelicans,Minnesota Timberwolves,120,121,+235,-294
N/A,Charlotte Hornets,New York Knicks,108,122,+202,-250
N/A,Los Angeles Clippers,Houston Rockets,106,100,-294,+236
N/A,Portland Trail Blazers,Los Angeles Lakers,95,107,+330,-417
N/A,Utah Jazz,Phoenix Suns,128,131,+169,-204
N/A,Chicago Bulls,Orlando Magic,97,103,-164,+139
N/A,New Orleans Pelicans,Denver Nuggets,115,110,+161,-196
N/A,Atlanta Hawks,Philadelphia 76ers,116,126,+102,-119
N/A,Cleveland Cavaliers,Detroit Pistons,108,100,-370,+288
N/A,San Antonio Spurs,Sacramento Kings,120,129,+282,-357
N/A,Toronto Raptors,Boston Celtics,105,108,+300,-385
N/A,Charlotte Hornets,Milwaukee Bucks,99,130,+285,-357
N/A,Washington Wizards,New York Knicks,99,120,+225,-278
N/A,Golden State Warriors,Oklahoma City Thunder,109,128,+133,-159
N/A,Miami Heat,Brooklyn Nets,122,115,-161,+138
N/A,Los Angeles Lakers,Sacramento Kings,110,125,-110,-106
N/A,Portland Trail Blazers,Cleveland Cavaliers,95,109,+342,-455
N/A,Phoenix Suns,Minnesota Timberwolves,133,115,-175,+150
N/A,Chicago Bulls,Orlando Magic,94,96,-132,+112
N/A,Atlanta Hawks,New York Knicks,114,116,-118,+100
N/A,Philadelphia 76ers,Boston Celtics,107,117,-103,-114
N/A,Toronto Raptors,Milwaukee Bucks,112,128,-101,-115
N/A,Washington Wizards,Dallas Mavericks,117,130,+149,-175
N/A,Los Angeles Lakers,Memphis Grizzlies,134,107,-256,+209
N/A,Denver Nuggets,Los Angeles Clippers,111,108,-185,+158
N/A,Golden State Warriors,Minnesota Timberwolves,101,104,+129,-154
N/A,Utah Jazz,Portland Trail Blazers,115,99,-263,+216
N/A,New Orleans Pelicans,Dallas Mavericks,131,110,+135,-161
N/A,Brooklyn Nets,Orlando Magic,124,104,-143,+122
N/A,Oklahoma City Thunder,San Antonio Spurs,123,87,-476,+363
N/A,Charlotte Hornets,Miami Heat,105,111,+196,-238
N/A,Detroit Pistons,Atlanta Hawks,120,126,+156,-185
N/A,Philadelphia 76ers,Indiana Pacers,126,132,-217,+183
N/A,Sacramento Kings,Cleveland Cavaliers,132,120,-109,-109
N/A,Milwaukee Bucks,Chicago Bulls,118,109,-417,+329
N/A,Boston Celtics,New York Knicks,114,98,-417,+332
N/A,Toronto Raptors,Washington Wizards,111,107,-357,+285
N/A,Los Angeles Lakers,Portland Trail Blazers,116,110,-370,+292
N/A,Golden State Warriors,Minnesota Timberwolves,110,116,-154,+129
N/A,Phoenix Suns,Oklahoma City Thunder,99,111,-164,+139
N/A,Chicago Bulls,Detroit Pistons,119,108,-256,+210
N/A,Houston Rockets,Denver Nuggets,107,104,+163,-196
N/A,New Orleans Pelicans,Dallas Mavericks,124,136,+137,-161
N/A,San Antonio Spurs,Miami Heat,113,118,+106,-125
N/A,Philadelphia 76ers,Indiana Pacers,137,126,-263,+214
N/A,Los Angeles Clippers,Memphis Grizzlies,101,105,-345,+276
N/A,Brooklyn Nets,Washington Wizards,102,94,-278,+225
N/A,New York Knicks,Charlotte Hornets,129,107,-500,+382
N/A,Golden State Warriors,Cleveland Cavaliers,110,118,-179,+150
N/A,Atlanta Hawks,Miami Heat,109,117,-303,+246
N/A,Boston Celtics,Toronto Raptors,117,94,-385,+301
N/A,Orlando Magic,Milwaukee Bucks,112,97,+112,-130
N/A,Phoenix Suns,Los Angeles Lakers,119,122,-135,+116
N/A,Sacramento Kings,Oklahoma City Thunder,105,98,+102,-122
N/A,Dallas Mavericks,Los Angeles Clippers,144,126,-118,-101
N/A,Houston Rockets,New Orleans Pelicans,104,101,-145,+125
N/A,Memphis Grizzlies,Utah Jazz,121,127,-196,+166
N/A,San Antonio Spurs,Minnesota Timberwolves,110,117,+236,-294
N/A,Boston Celtics,Brooklyn Nets,121,107,-625,+455
N/A,Detroit Pistons,Philadelphia 76ers,106,114,+290,-370
N/A,Washington Wizards,Charlotte Hornets,117,124,-149,+127
N/A,Orlando Magic,Atlanta Hawks,119,120,+133,-159
N/A,Indiana Pacers,Milwaukee Bucks,126,124,-101,-116
N/A,Denver Nuggets,Golden State Warriors,108,105,-189,+159
N/A,Sacramento Kings,Portland Trail Blazers,121,118,-323,+259
N/A,Dallas Mavericks,Toronto Raptors,116,127,-169,+145
N/A,Chicago Bulls,Phoenix Suns,115,116,-105,-112
N/A,Houston Rockets,Los Angeles Lakers,128,94,+110,-128
N/A,Memphis Grizzlies,Miami Heat,102,108,+108,-127
N/A,Milwaukee Bucks,Detroit Pistons,120,118,-667,+474
N/A,Minnesota Timberwolves,New Orleans Pelicans,122,101,-417,+326
N/A,Oklahoma City Thunder,Cleveland Cavaliers,128,120,+108,-128
N/A,Brooklyn Nets,Los Angeles Clippers,100,93,+175,-213
N/A,New York Knicks,San Antonio Spurs,126,105,-385,+299
N/A,Charlotte Hornets,Washington Wizards,116,132,-133,+112
N/A,Indiana Pacers,Utah Jazz,134,118,-233,+193
N/A,Philadelphia 76ers,Boston Celtics,106,103,+122,-143
N/A,Denver Nuggets,New Orleans Pelicans,134,116,-250,+206
N/A,Chicago Bulls,Utah Jazz,130,113,-172,+146
N/A,Houston Rockets,Sacramento Kings,122,97,+110,-128
N/A,Minnesota Timberwolves,Boston Celtics,114,109,+135,-159
N/A,Oklahoma City Thunder,Atlanta Hawks,126,117,-106,-109
N/A,Brooklyn Nets,Milwaukee Bucks,125,129,+161,-192
N/A,Miami Heat,Los Angeles Lakers,108,107,-125,+106
N/A,New York Knicks,Los Angeles Clippers,111,97,-120,+102
N/A,Detroit Pistons,Golden State Warriors,109,120,+298,-385
N/A,Indiana Pacers,San Antonio Spurs,152,111,-357,+288
N/A,Orlando Magic,Dallas Mavericks,102,117,-108,-108
N/A,Philadelphia 76ers,Washington Wizards,146,128,-556,+411
N/A,Portland Trail Blazers,Memphis Grizzlies,100,112,+131,-154
N/A,Dallas Mavericks,Charlotte Hornets,124,118,-588,+426
N/A,Cleveland Cavaliers,Golden State Warriors,115,104,-115,-103
N/A,San Antonio Spurs,Toronto Raptors,116,123,+142,-167
N/A,Detroit Pistons,Phoenix Suns,106,120,+134,-159
N/A,Denver Nuggets,Chicago Bulls,123,101,-400,+312
N/A,Brooklyn Nets,Boston Celtics,114,124,+357,-476
N/A,Houston Rockets,Sacramento Kings,107,89,+116,-139
N/A,Minnesota Timberwolves,Utah Jazz,123,95,-312,+249
N/A,Indiana Pacers,Charlotte Hornets,124,125,-192,+162
N/A,New Orleans Pelicans,Atlanta Hawks,105,123,-128,+108
N/A,Orlando Magic,Los Angeles Lakers,120,101,+137,-161
N/A,Philadelphia 76ers,Phoenix Suns,112,100,-256,+204
N/A,Denver Nuggets,Dallas Mavericks,125,114,-227,+190
N/A,Portland Trail Blazers,Memphis Grizzlies,115,113,+139,-164
N/A,Chicago Bulls,Brooklyn Nets,107,109,-169,+144
N/A,Miami Heat,Washington Wizards,121,114,-400,+312
N/A,Oklahoma City Thunder,Golden State Warriors,139,141,+199,-244
N/A,Milwaukee Bucks,New York Knicks,110,105,-213,+175
N/A,Indiana Pacers,Cleveland Cavaliers,121,116,+114,-133
N/A,Phoenix Suns,San Antonio Spurs,121,132,-500,+375
N/A,Utah Jazz,Orlando Magic,113,115,+104,-122
N/A,New Orleans Pelicans,Detroit Pistons,125,116,-192,+161
N/A,Philadelphia 76ers,Toronto Raptors,114,99,-303,+243
N/A,Golden State Warriors,Sacramento Kings,102,101,-263,+212
N/A,Los Angeles Lakers,Los Angeles Clippers,130,125,-154,+129
N/A,Utah Jazz,Memphis Grizzlies,133,109,-128,+108
N/A,Dallas Mavericks,Chicago Bulls,114,105,-161,+137
N/A,Houston Rockets,Charlotte Hornets,128,119,-147,+124
N/A,Minnesota Timberwolves,Denver Nuggets,110,89,+112,-132
N/A,Atlanta Hawks,Washington Wizards,130,121,-455,+350
N/A,Boston Celtics,Indiana Pacers,155,104,-714,+519
N/A,Miami Heat,Brooklyn Nets,105,109,-270,+217
N/A,New York Knicks,Cleveland Cavaliers,89,95,-217,+177
N/A,Oklahoma City Thunder,New Orleans Pelicans,106,110,-156,+131
N/A,Detroit Pistons,Portland Trail Blazers,101,110,-159,+133
N/A,Toronto Raptors,Milwaukee Bucks,130,111,+150,-179
N/A,Los Angeles Clippers,Orlando Magic,118,102,-250,+202
N/A,Phoenix Suns,San Antonio Spurs,114,115,-278,+225
N/A,Cleveland Cavaliers,New York Knicks,91,109,+110,-132
N/A,Los Angeles Lakers,Orlando Magic,106,103,-167,+140
N/A,Denver Nuggets,Utah Jazz,110,102,-385,+298
N/A,Memphis Grizzlies,Dallas Mavericks,110,125,-114,-103
N/A,Milwaukee Bucks,Miami Heat,122,114,-303,+245
N/A,New Orleans Pelicans,Golden State Warriors,102,130,-143,+121
N/A,Oklahoma City Thunder,Detroit Pistons,124,112,-250,+206
N/A,Atlanta Hawks,Minnesota Timberwolves,127,113,+114,-135
N/A,Toronto Raptors,Portland Trail Blazers,91,99,-476,+355
N/A,Charlotte Hornets,Brooklyn Nets,121,133,+106,-127
N/A,Indiana Pacers,Chicago Bulls,105,112,-149,+127
N/A,Washington Wizards,Boston Celtics,107,126,+375,-500
N/A,Los Angeles Clippers,San Antonio Spurs,123,83,-400,+308
N/A,Sacramento Kings,Los Angeles Lakers,132,127,-133,+112
N/A,Philadelphia 76ers,Portland Trail Blazers,126,98,-417,+326
N/A,Houston Rockets,Golden State Warriors,95,106,+216,-278
N/A,Milwaukee Bucks,Atlanta Hawks,110,127,-250,+204
N/A,Oklahoma City Thunder,Denver Nuggets,95,128,+135,-159
N/A,Phoenix Suns,Utah Jazz,126,104,-213,+175
N/A,Minnesota Timberwolves,Miami Heat,106,90,-333,+258
N/A,Cleveland Cavaliers,Indiana Pacers,113,125,+142,-167
N/A,Toronto Raptors,Philadelphia 76ers,107,114,+162,-192
N/A,Detroit Pistons,Chicago Bulls,118,102,+118,-141
N/A,New Orleans Pelicans,New York Knicks,96,87,-143,+121
N/A,Washington Wizards,Memphis Grizzlies,113,106,-106,-111
N/A,Portland Trail Blazers,Orlando Magic,97,102,+140,-167
N/A,Sacramento Kings,Golden State Warriors,114,122,-152,+129
N/A,Utah Jazz,Los Angeles Clippers,120,118,+148,-175
N/A,Dallas Mavericks,Brooklyn Nets,125,120,-233,+193
N/A,Chicago Bulls,Toronto Raptors,104,103,-133,+114
N/A,San Antonio Spurs,Houston Rockets,126,122,-152,+127
N/A,Atlanta Hawks,New York Knicks,120,126,-105,-111
N/A,Boston Celtics,Miami Heat,119,111,-370,+290
N/A,Cleveland Cavaliers,Oklahoma City Thunder,105,108,-141,+121
N/A,Charlotte Hornets,Detroit Pistons,99,111,-182,+152
N/A,Memphis Grizzlies,Denver Nuggets,104,108,+179,-217
N/A,Los Angeles Lakers,Phoenix Suns,100,95,-244,+200
N/A,Milwaukee Bucks,Philadelphia 76ers,118,117,-244,+200
N/A,Los Angeles Clippers,Portland Trail Blazers,123,111,-435,+334
N/A,San Antonio Spurs,Dallas Mavericks,119,126,+159,-189
N/A,Utah Jazz,Sacramento Kings,114,130,+104,-122
N/A,Chicago Bulls,Oklahoma City Thunder,104,124,-143,+121
N/A,Memphis Grizzlies,New Orleans Pelicans,104,111,-118,-101
N/A,Brooklyn Nets,Cleveland Cavaliers,113,114,+102,-122
N/A,Miami Heat,Detroit Pistons,103,102,-435,+337
N/A,Toronto Raptors,Minnesota Timberwolves,97,94,-114,-103
N/A,Charlotte Hornets,Atlanta Hawks,116,110,+149,-175
N/A,Indiana Pacers,Washington Wizards,143,120,-189,+158
N/A,New York Knicks,Boston Celtics,104,108,+146,-172
N/A,Orlando Magic,Houston Rockets,116,86,-179,+152
N/A,Golden State Warriors,Phoenix Suns,104,108,-147,+125
N/A,Denver Nuggets,Los Angeles Lakers,119,107,-189,+160
N/A,Golden State Warriors,San Antonio Spurs,117,122,-244,+183
N/A,Dallas Mavericks,Detroit Pistons,114,104,-213,+164
N/A,Houston Rockets,Miami Heat,110,104,-169,+133
N/A,Milwaukee Bucks,Memphis Grizzlies,124,116,-233,+175
N/A,Toronto Raptors,Washington Wizards,134,98,-286,+210
N/A,Indiana Pacers,Cleveland Cavaliers,109,104,-116,-110
N/A,Philadelphia 76ers,Atlanta Hawks,120,106,-130,+100
N/A,Los Angeles Clippers,Denver Nuggets,90,103,+162,-217
N/A,Los Angeles Lakers,Phoenix Suns,100,123,-149,+114
N/A,Sacramento Kings,Utah Jazz,116,113,+122,-159
N/A,Chicago Bulls,Minnesota Timberwolves,105,114,-111,-116
N/A,Oklahoma City Thunder,Detroit Pistons,116,118,-175,+135
N/A,Charlotte Hornets,Boston Celtics,99,127,+198,-270
N/A,Golden State Warriors,Sacramento Kings,116,115,-256,+192
N/A,San Antonio Spurs,Houston Rockets,117,103,-200,+154
N/A,Miami Heat,Brooklyn Nets,104,107,+100,-127
N/A,New York Knicks,Washington Wizards,106,131,-294,+214
N/A,Los Angeles Clippers,Denver Nuggets,116,103,-294,+219
N/A,Chicago Bulls,Toronto Raptors,102,106,-164,+129
N/A,Oklahoma City Thunder,Milwaukee Bucks,124,101,-133,+104
N/A,Boston Celtics,New York Knicks,123,110,-400,+275
N/A,Orlando Magic,New Orleans Pelicans,92,104,-132,+102
N/A,Phoenix Suns,Portland Trail Blazers,117,106,-345,+248
N/A,San Antonio Spurs,Houston Rockets,89,99,+179,-238
N/A,Brooklyn Nets,Philadelphia 76ers,119,127,-127,-102
N/A,Indiana Pacers,Atlanta Hawks,116,112,-227,+173
N/A,Sacramento Kings,Golden State Warriors,115,121,-250,+187
N/A,Denver Nuggets,Chicago Bulls,116,102,-294,+214
N/A,Los Angeles Lakers,Milwaukee Bucks,97,108,+149,-192
N/A,Miami Heat,Memphis Grizzlies,132,124,-109,-120
N/A,Charlotte Hornets,Oklahoma City Thunder,117,115,-182,+140
N/A,Utah Jazz,Portland Trail Blazers,138,133,-213,+163
N/A,New York Knicks,Minnesota Timberwolves,112,121,-172,+137
N/A,Atlanta Hawks,New Orleans Pelicans,110,105,-116,-109
N/A,Los Angeles Lakers,Golden State Warriors,125,129,-145,+112
N/A,San Antonio Spurs,Miami Heat,120,104,-323,+234
N/A,Portland Trail Blazers,Phoenix Suns,111,122,+156,-204
